Workbook

Sheet Vocabulary
A1: HSK level | B1: Hanzi | C1: Pinyin | D1: English meaning | E1: Character | F1: Tone
A2: 1 | B2: 爱 | C2: ài | D2: love | E2: 爱 ài (Ø+AI) | F2: 4
A3: 1 | B3: 八 | C3: bā | D3: eight | E3: 八 bā (B+A) | F3: 1
A4: 1 | B4: 爸爸 | C4: bàba | D4: dad; father | E4: 爸 bà (B+A) · 爸 ba (B+A) | F4: 4-5
A5: 1 | B5: 杯子 | C5: bēizi | D5: cup; glass | E5: 杯 bēi (B+EI) · 子 zi (Z+Ø (no final)) | F5: 1-5
A6: 1 | B6: 北京 | C6: Běijīng | D6: Beijing | E6: 北 běi (B+EI) · 京 jīng (J+ING) | F6: 3-1
A7: 1 | B7: 本 | C7: běn | D7: measure word for books | E7: 本 běn (B+(E)N) | F7: 3
A8: 1 | B8: 不客气 | C8: bú kèqi | D8: you're welcome | E8: 不 bú (B+U) · 客 kè (K+E) · 气 qi (Q+I) | F8: 2-4-5
A9: 1 | B9: 不 | C9: bù | D9: no; not | E9: 不 bù (B+U) | F9: 4
A10: 1 | B10: 菜 | C10: cài | D10: dish; vegetable | E10: 菜 cài (C+AI) | F10: 4
A11: 1 | B11: 茶 | C11: chá | D11: tea | E11: 茶 chá (CH+A) | F11: 2
A12: 1 | B12: 吃 | C12: chī | D12: eat | E12: 吃 chī (CH+Ø (no final)) | F12: 1
A13: 1 | B13: 出租车 | C13: chūzūchē | D13: taxi | E13: 出 chū (CH+U) · 租 zū (Z+U) · 车 chē (CH+E) | F13: 1-1-1
... A601: 3 | B601: 作业 | C601: zuò yè | D601: homework | E601: 作 zuò (Z+UO) · 业 yè (Y+E) | F601: 4-4

Sheet Unique Hanzi
A1: Hanzi | B1: First HSK level | C1: Pinyin | D1: Tone | E1: Initial | F1: Final | G1: Actor | H1: Location | I1: Tone area | J1: HMM status | K1: Other readings in list | L1: Appears in | N1: 617 unique characters
A2: 爱 | B2: 1 | C2: ài | D2: 4 | E2: Ø | F2: AI | G2: =IFERROR(IF(INDEX('HMM Actors'!$B:$B,MATCH(E2,'HMM Actors'!$A:$A,0))="","(not assigned)",INDEX('HMM Actors'!$B:$B,MATCH(E2,'HMM Actors'!$A:$A,0))),"(not assigned)") | H2: =IFERROR(IF(INDEX('HMM Locations'!$B:$B,MATCH(F2,'HMM Locations'!$A:$A,0))="","(not assigned)",INDEX('HMM Locations'!$B:$B,MATCH(F2,'HMM Locations'!$A:$A,0))),"(not assigned)") | I2: =IFERROR(IF(INDEX('HMM Locations'!$C:$G,MATCH(F2,'HMM Locations'!$A:$A,0),D2)="","(not assigned)",INDEX('HMM Locations'!$C:$G,MATCH(F2,'HMM Locations'!$A:$A,0),D2)),"(not assigned)") | J2: =IF(COUNTIF(G2:I2,"(not assigned)")=0,"Ready","Needs grid entry") | L2: 爱、爱好、可爱 | N2: Distinct simplified Hanzi appearing in the 600 entries; punctuation excluded.
A3: 八 | B3: 1 | C3: bā | D3: 1 | E3: B | F3: A | G3: =IFERROR(IF(INDEX('HMM Actors'!$B:$B,MATCH(E3,'HMM Actors'!$A:$A,0))="","(not assigned)",INDEX('HMM Actors'!$B:$B,MATCH(E3,'HMM Actors'!$A:$A,0))),"(not assigned)") | H3: =IFERROR(IF(INDEX('HMM Locations'!$B:$B,MATCH(F3,'HMM Locations'!$A:$A,0))="","(not assigned)",INDEX('HMM Locations'!$B:$B,MATCH(F3,'HMM Locations'!$A:$A,0))),"(not assigned)") | I3: =IFERROR(IF(INDEX('HMM Locations'!$C:$G,MATCH(F3,'HMM Locations'!$A:$A,0),D3)="","(not assigned)",INDEX('HMM Locations'!$C:$G,MATCH(F3,'HMM Locations'!$A:$A,0),D3)),"(not assigned)") | J3: =IF(COUNTIF(G3:I3,"(not assigned)")=0,"Ready","Needs grid entry") | L3: 八 | N3: Pinyin is each character's main reading, taken from the words in the Vocabulary sheet (一 and 不 use their citation tones). Tone 5 = neutral. Initial/Final follow the HMM grid's spelling rules: y- and w- count as initials, and zhi/chi/shi/ri/zi/ci/si use the Ø final.
A4: 爸 | B4: 1 | C4: bà | D4: 4 | E4: B | F4: A | G4: =IFERROR(IF(INDEX('HMM Actors'!$B:$B,MATCH(E4,'HMM Actors'!$A:$A,0))="","(not assigned)",INDEX('HMM Actors'!$B:$B,MATCH(E4,'HMM Actors'!$A:$A,0))),"(not assigned)") | H4: =IFERROR(IF(INDEX('HMM Locations'!$B:$B,MATCH(F4,'HMM Locations'!$A:$A,0))="","(not assigned)",INDEX('HMM Locations'!$B:$B,MATCH(F4,'HMM Locations'!$A:$A,0))),"(not assigned)") | I4: =IFERROR(IF(INDEX('HMM Locations'!$C:$G,MATCH(F4,'HMM Locations'!$A:$A,0),D4)="","(not assigned)",INDEX('HMM Locations'!$C:$G,MATCH(F4,'HMM Locations'!$A:$A,0),D4)),"(not assigned)") | J4: =IF(COUNTIF(G4:I4,"(not assigned)")=0,"Ready","Needs grid entry") | L4: 爸爸 | N4: Actor, Location and Tone area are formulas that read the HMM Actors and HMM Locations sheets.
A5: 杯 | B5: 1 | C5: bēi | D5: 1 | E5: B | F5: EI | G5: =IFERROR(IF(INDEX('HMM Actors'!$B:$B,MATCH(E5,'HMM Actors'!$A:$A,0))="","(not assigned)",INDEX('HMM Actors'!$B:$B,MATCH(E5,'HMM Actors'!$A:$A,0))),"(not assigned)") | H5: =IFERROR(IF(INDEX('HMM Locations'!$B:$B,MATCH(F5,'HMM Locations'!$A:$A,0))="","(not assigned)",INDEX('HMM Locations'!$B:$B,MATCH(F5,'HMM Locations'!$A:$A,0))),"(not assigned)") | I5: =IFERROR(IF(INDEX('HMM Locations'!$C:$G,MATCH(F5,'HMM Locations'!$A:$A,0),D5)="","(not assigned)",INDEX('HMM Locations'!$C:$G,MATCH(F5,'HMM Locations'!$A:$A,0),D5)),"(not assigned)") | J5: =IF(COUNTIF(G5:I5,"(not assigned)")=0,"Ready","Needs grid entry") | L5: 杯子
A6: 北 | B6: 1 | C6: běi | D6: 3 | E6: B | F6: EI | G6: =IFERROR(IF(INDEX('HMM Actors'!$B:$B,MATCH(E6,'HMM Actors'!$A:$A,0))="","(not assigned)",INDEX('HMM Actors'!$B:$B,MATCH(E6,'HMM Actors'!$A:$A,0))),"(not assigned)") | H6: =IFERROR(IF(INDEX('HMM Locations'!$B:$B,MATCH(F6,'HMM Locations'!$A:$A,0))="","(not assigned)",INDEX('HMM Locations'!$B:$B,MATCH(F6,'HMM Locations'!$A:$A,0))),"(not assigned)") | I6: =IFERROR(IF(INDEX('HMM Locations'!$C:$G,MATCH(F6,'HMM Locations'!$A:$A,0),D6)="","(not assigned)",INDEX('HMM Locations'!$C:$G,MATCH(F6,'HMM Locations'!$A:$A,0),D6)),"(not assigned)") | J6: =IF(COUNTIF(G6:I6,"(not assigned)")=0,"Ready","Needs grid entry") | L6: 北京、北方
A7: 本 | B7: 1 | C7: běn | D7: 3 | E7: B | F7: (E)N | G7: =IFERROR(IF(INDEX('HMM Actors'!$B:$B,MATCH(E7,'HMM Actors'!$A:$A,0))="","(not assigned)",INDEX('HMM Actors'!$B:$B,MATCH(E7,'HMM Actors'!$A:$A,0))),"(not assigned)") | H7: =IFERROR(IF(INDEX('HMM Locations'!$B:$B,MATCH(F7,'HMM Locations'!$A:$A,0))="","(not assigned)",INDEX('HMM Locations'!$B:$B,MATCH(F7,'HMM Locations'!$A:$A,0))),"(not assigned)") | I7: =IFERROR(IF(INDEX('HMM Locations'!$C:$G,MATCH(F7,'HMM Locations'!$A:$A,0),D7)="","(not assigned)",INDEX('HMM Locations'!$C:$G,MATCH(F7,'HMM Locations'!$A:$A,0),D7)),"(not assigned)") | J7: =IF(COUNTIF(G7:I7,"(not assigned)")=0,"Ready","Needs grid entry") | L7: 本、笔记本
A8: 不 | B8: 1 | C8: bù | D8: 4 | E8: B | F8: U | G8: =IFERROR(IF(INDEX('HMM Actors'!$B:$B,MATCH(E8,'HMM Actors'!$A:$A,0))="","(not assigned)",INDEX('HMM Actors'!$B:$B,MATCH(E8,'HMM Actors'!$A:$A,0))),"(not assigned)") | H8: =IFERROR(IF(INDEX('HMM Locations'!$B:$B,MATCH(F8,'HMM Locations'!$A:$A,0))="","(not assigned)",INDEX('HMM Locations'!$B:$B,MATCH(F8,'HMM Locations'!$A:$A,0))),"(not assigned)") | I8: =IFERROR(IF(INDEX('HMM Locations'!$C:$G,MATCH(F8,'HMM Locations'!$A:$A,0),D8)="","(not assigned)",INDEX('HMM Locations'!$C:$G,MATCH(F8,'HMM Locations'!$A:$A,0),D8)),"(not assigned)") | J8: =IF(COUNTIF(G8:I8,"(not assigned)")=0,"Ready","Needs grid entry") | K8: bú | L8: 不客气、不、对不起、不但…而且…
A9: 菜 | B9: 1 | C9: cài | D9: 4 | E9: C | F9: AI | G9: =IFERROR(IF(INDEX('HMM Actors'!$B:$B,MATCH(E9,'HMM Actors'!$A:$A,0))="","(not assigned)",INDEX('HMM Actors'!$B:$B,MATCH(E9,'HMM Actors'!$A:$A,0))),"(not assigned)") | H9: =IFERROR(IF(INDEX('HMM Locations'!$B:$B,MATCH(F9,'HMM Locations'!$A:$A,0))="","(not assigned)",INDEX('HMM Locations'!$B:$B,MATCH(F9,'HMM Locations'!$A:$A,0))),"(not assigned)") | I9: =IFERROR(IF(INDEX('HMM Locations'!$C:$G,MATCH(F9,'HMM Locations'!$A:$A,0),D9)="","(not assigned)",INDEX('HMM Locations'!$C:$G,MATCH(F9,'HMM Locations'!$A:$A,0),D9)),"(not assigned)") | J9: =IF(COUNTIF(G9:I9,"(not assigned)")=0,"Ready","Needs grid entry") | L9: 菜、菜单
A10: 茶 | B10: 1 | C10: chá | D10: 2 | E10: CH | F10: A | G10: =IFERROR(IF(INDEX('HMM Actors'!$B:$B,MATCH(E10,'HMM Actors'!$A:$A,0))="","(not assigned)",INDEX('HMM Actors'!$B:$B,MATCH(E10,'HMM Actors'!$A:$A,0))),"(not assigned)") | H10: =IFERROR(IF(INDEX('HMM Locations'!$B:$B,MATCH(F10,'HMM Locations'!$A:$A,0))="","(not assigned)",INDEX('HMM Locations'!$B:$B,MATCH(F10,'HMM Locations'!$A:$A,0))),"(not assigned)") | I10: =IFERROR(IF(INDEX('HMM Locations'!$C:$G,MATCH(F10,'HMM Locations'!$A:$A,0),D10)="","(not assigned)",INDEX('HMM Locations'!$C:$G,MATCH(F10,'HMM Locations'!$A:$A,0),D10)),"(not assigned)") | J10: =IF(COUNTIF(G10:I10,"(not assigned)")=0,"Ready","Needs grid entry") | L10: 茶
A11: 车 | B11: 1 | C11: chē | D11: 1 | E11: CH | F11: E | G11: =IFERROR(IF(INDEX('HMM Actors'!$B:$B,MATCH(E11,'HMM Actors'!$A:$A,0))="","(not assigned)",INDEX('HMM Actors'!$B:$B,MATCH(E11,'HMM Actors'!$A:$A,0))),"(not assigned)") | H11: =IFERROR(IF(INDEX('HMM Locations'!$B:$B,MATCH(F11,'HMM Locations'!$A:$A,0))="","(not assigned)",INDEX('HMM Locations'!$B:$B,MATCH(F11,'HMM Locations'!$A:$A,0))),"(not assigned)") | I11: =IFERROR(IF(INDEX('HMM Locations'!$C:$G,MATCH(F11,'HMM Locations'!$A:$A,0),D11)="","(not assigned)",INDEX('HMM Locations'!$C:$G,MATCH(F11,'HMM Locations'!$A:$A,0),D11)),"(not assigned)") | J11: =IF(COUNTIF(G11:I11,"(not assigned)")=0,"Ready","Needs grid entry") | L11: 出租车、公共汽车、火车站、自行车
A12: 吃 | B12: 1 | C12: chī | D12: 1 | E12: CH | F12: Ø (no final) | G12: =IFERROR(IF(INDEX('HMM Actors'!$B:$B,MATCH(E12,'HMM Actors'!$A:$A,0))="","(not assigned)",INDEX('HMM Actors'!$B:$B,MATCH(E12,'HMM Actors'!$A:$A,0))),"(not assigned)") | H12: =IFERROR(IF(INDEX('HMM Locations'!$B:$B,MATCH(F12,'HMM Locations'!$A:$A,0))="","(not assigned)",INDEX('HMM Locations'!$B:$B,MATCH(F12,'HMM Locations'!$A:$A,0))),"(not assigned)") | I12: =IFERROR(IF(INDEX('HMM Locations'!$C:$G,MATCH(F12,'HMM Locations'!$A:$A,0),D12)="","(not assigned)",INDEX('HMM Locations'!$C:$G,MATCH(F12,'HMM Locations'!$A:$A,0),D12)),"(not assigned)") | J12: =IF(COUNTIF(G12:I12,"(not assigned)")=0,"Ready","Needs grid entry") | L12: 吃、好吃
A13: 出 | B13: 1 | C13: chū | D13: 1 | E13: CH | F13: U | G13: =IFERROR(IF(INDEX('HMM Actors'!$B:$B,MATCH(E13,'HMM Actors'!$A:$A,0))="","(not assigned)",INDEX('HMM Actors'!$B:$B,MATCH(E13,'HMM Actors'!$A:$A,0))),"(not assigned)") | H13: =IFERROR(IF(INDEX('HMM Locations'!$B:$B,MATCH(F13,'HMM Locations'!$A:$A,0))="","(not assigned)",INDEX('HMM Locations'!$B:$B,MATCH(F13,'HMM Locations'!$A:$A,0))),"(not assigned)") | I13: =IFERROR(IF(INDEX('HMM Locations'!$C:$G,MATCH(F13,'HMM Locations'!$A:$A,0),D13)="","(not assigned)",INDEX('HMM Locations'!$C:$G,MATCH(F13,'HMM Locations'!$A:$A,0),D13)),"(not assigned)") | J13: =IF(COUNTIF(G13:I13,"(not assigned)")=0,"Ready","Needs grid entry") | L13: 出租车、出
A14: 打 | B14: 1 | C14: dǎ | D14: 3 | E14: D | F14: A | G14: =IFERROR(IF(INDEX('HMM Actors'!$B:$B,MATCH(E14,'HMM Actors'!$A:$A,0))="","(not assigned)",INDEX('HMM Actors'!$B:$B,MATCH(E14,'HMM Actors'!$A:$A,0))),"(not assigned)") | H14: =IFERROR(IF(INDEX('HMM Locations'!$B:$B,MATCH(F14,'HMM Locations'!$A:$A,0))="","(not assigned)",INDEX('HMM Locations'!$B:$B,MATCH(F14,'HMM Locations'!$A:$A,0))),"(not assigned)") | I14: =IFERROR(IF(INDEX('HMM Locations'!$C:$G,MATCH(F14,'HMM Locations'!$A:$A,0),D14)="","(not assigned)",INDEX('HMM Locations'!$C:$G,MATCH(F14,'HMM Locations'!$A:$A,0),D14)),"(not assigned)") | J14: =IF(COUNTIF(G14:I14,"(not assigned)")=0,"Ready","Needs grid entry") | L14: 打电话、打篮球、打扫、打算
A15: 大 | B15: 1 | C15: dà | D15: 4 | E15: D | F15: A | G15: =IFERROR(IF(INDEX('HMM Actors'!$B:$B,MATCH(E15,'HMM Actors'!$A:$A,0))="","(not assigned)",INDEX('HMM Actors'!$B:$B,MATCH(E15,'HMM Actors'!$A:$A,0))),"(not assigned)") | H15: =IFERROR(IF(INDEX('HMM Locations'!$B:$B,MATCH(F15,'HMM Locations'!$A:$A,0))="","(not assigned)",INDEX('HMM Locations'!$B:$B,MATCH(F15,'HMM Locations'!$A:$A,0))),"(not assigned)") | I15: =IFERROR(IF(INDEX('HMM Locations'!$C:$G,MATCH(F15,'HMM Locations'!$A:$A,0),D15)="","(not assigned)",INDEX('HMM Locations'!$C:$G,MATCH(F15,'HMM Locations'!$A:$A,0),D15)),"(not assigned)") | J15: =IF(COUNTIF(G15:I15,"(not assigned)")=0,"Ready","Needs grid entry") | L15: 大、大家
A16: 的 | B16: 1 | C16: de | D16: 5 | E16: D | F16: E | G16: =IFERROR(IF(INDEX('HMM Actors'!$B:$B,MATCH(E16,'HMM Actors'!$A:$A,0))="","(not assigned)",INDEX('HMM Actors'!$B:$B,MATCH(E16,'HMM Actors'!$A:$A,0))),"(not assigned)") | H16: =IFERROR(IF(INDEX('HMM Locations'!$B:$B,MATCH(F16,'HMM Locations'!$A:$A,0))="","(not assigned)",INDEX('HMM Locations'!$B:$B,MATCH(F16,'HMM Locations'!$A:$A,0))),"(not assigned)") | I16: =IFERROR(IF(INDEX('HMM Locations'!$C:$G,MATCH(F16,'HMM Locations'!$A:$A,0),D16)="","(not assigned)",INDEX('HMM Locations'!$C:$G,MATCH(F16,'HMM Locations'!$A:$A,0),D16)),"(not assigned)") | J16: =IF(COUNTIF(G16:I16,"(not assigned)")=0,"Ready","Needs grid entry") | L16: 的
A17: 点 | B17: 1 | C17: diǎn | D17: 3 | E17: D | F17: IAN | G17: =IFERROR(IF(INDEX('HMM Actors'!$B:$B,MATCH(E17,'HMM Actors'!$A:$A,0))="","(not assigned)",INDEX('HMM Actors'!$B:$B,MATCH(E17,'HMM Actors'!$A:$A,0))),"(not assigned)") | H17: =IFERROR(IF(INDEX('HMM Locations'!$B:$B,MATCH(F17,'HMM Locations'!$A:$A,0))="","(not assigned)",INDEX('HMM Locations'!$B:$B,MATCH(F17,'HMM Locations'!$A:$A,0))),"(not assigned)") | I17: =IFERROR(IF(INDEX('HMM Locations'!$C:$G,MATCH(F17,'HMM Locations'!$A:$A,0),D17)="","(not assigned)",INDEX('HMM Locations'!$C:$G,MATCH(F17,'HMM Locations'!$A:$A,0),D17)),"(not assigned)") | J17: =IF(COUNTIF(G17:I17,"(not assigned)")=0,"Ready","Needs grid entry") | L17: 点、一点儿
A18: 电 | B18: 1 | C18: diàn | D18: 4 | E18: D | F18: IAN | G18: =IFERROR(IF(INDEX('HMM Actors'!$B:$B,MATCH(E18,'HMM Actors'!$A:$A,0))="","(not assigned)",INDEX('HMM Actors'!$B:$B,MATCH(E18,'HMM Actors'!$A:$A,0))),"(not assigned)") | H18: =IFERROR(IF(INDEX('HMM Locations'!$B:$B,MATCH(F18,'HMM Locations'!$A:$A,0))="","(not assigned)",INDEX('HMM Locations'!$B:$B,MATCH(F18,'HMM Locations'!$A:$A,0))),"(not assigned)") | I18: =IFERROR(IF(INDEX('HMM Locations'!$C:$G,MATCH(F18,'HMM Locations'!$A:$A,0),D18)="","(not assigned)",INDEX('HMM Locations'!$C:$G,MATCH(F18,'HMM Locations'!$A:$A,0),D18)),"(not assigned)") | J18: =IF(COUNTIF(G18:I18,"(not assigned)")=0,"Ready","Needs grid entry") | L18: 打电话、电脑、电视、电影
A19: 店 | B19: 1 | C19: diàn | D19: 4 | E19: D | F19: IAN | G19: =IFERROR(IF(INDEX('HMM Actors'!$B:$B,MATCH(E19,'HMM Actors'!$A:$A,0))="","(not assigned)",INDEX('HMM Actors'!$B:$B,MATCH(E19,'HMM Actors'!$A:$A,0))),"(not assigned)") | H19: =IFERROR(IF(INDEX('HMM Locations'!$B:$B,MATCH(F19,'HMM Locations'!$A:$A,0))="","(not assigned)",INDEX('HMM Locations'!$B:$B,MATCH(F19,'HMM Locations'!$A:$A,0))),"(not assigned)") | I19: =IFERROR(IF(INDEX('HMM Locations'!$C:$G,MATCH(F19,'HMM Locations'!$A:$A,0),D19)="","(not assigned)",INDEX('HMM Locations'!$C:$G,MATCH(F19,'HMM Locations'!$A:$A,0),D19)),"(not assigned)") | J19: =IF(COUNTIF(G19:I19,"(not assigned)")=0,"Ready","Needs grid entry") | L19: 饭店、商店
A20: 东 | B20: 1 | C20: dōng | D20: 1 | E20: D | F20: ONG | G20: =IFERROR(IF(INDEX('HMM Actors'!$B:$B,MATCH(E20,'HMM Actors'!$A:$A,0))="","(not assigned)",INDEX('HMM Actors'!$B:$B,MATCH(E20,'HMM Actors'!$A:$A,0))),"(not assigned)") | H20: =IFERROR(IF(INDEX('HMM Locations'!$B:$B,MATCH(F20,'HMM Locations'!$A:$A,0))="","(not assigned)",INDEX('HMM Locations'!$B:$B,MATCH(F20,'HMM Locations'!$A:$A,0))),"(not assigned)") | I20: =IFERROR(IF(INDEX('HMM Locations'!$C:$G,MATCH(F20,'HMM Locations'!$A:$A,0),D20)="","(not assigned)",INDEX('HMM Locations'!$C:$G,MATCH(F20,'HMM Locations'!$A:$A,0),D20)),"(not assigned)") | J20: =IF(COUNTIF(G20:I20,"(not assigned)")=0,"Ready","Needs grid entry") | L20: 东西、东
... A38: 汉 | B38: 1 | C38: hàn | D38: 4 | E38: H | F38: AN | G38: =IFERROR(IF(INDEX('HMM Actors'!$B:$B,MATCH(E38,'HMM Actors'!$A:$A,0))="","(not assigned)",INDEX('HMM Actors'!$B:$B,MATCH(E38,'HMM Actors'!$A:$A,0))),"(not assigned)") | H38: =IFERROR(IF(INDEX('HMM Locations'!$B:$B,MATCH(F38,'HMM Locations'!$A:$A,0))="","(not assigned)",INDEX('HMM Locations'!$B:$B,MATCH(F38,'HMM Locations'!$A:$A,0))),"(not assigned)") | I38: =IFERROR(IF(INDEX('HMM Locations'!$C:$G,MATCH(F38,'HMM Locations'!$A:$A,0),D38)="","(not assigned)",INDEX('HMM Locations'!$C:$G,MATCH(F38,'HMM Locations'!$A:$A,0),D38)),"(not assigned)") | J38: =IF(COUNTIF(G38:I38,"(not assigned)")=0,"Ready","Needs grid entry") | L38: 汉语
A39: 好 | B39: 1 | C39: hǎo | D39: 3 | E39: H | F39: AO | G39: =IFERROR(IF(INDEX('HMM Actors'!$B:$B,MATCH(E39,'HMM Actors'!$A:$A,0))="","(not assigned)",INDEX('HMM Actors'!$B:$B,MATCH(E39,'HMM Actors'!$A:$A,0))),"(not assigned)") | H39: =IFERROR(IF(INDEX('HMM Locations'!$B:$B,MATCH(F39,'HMM Locations'!$A:$A,0))="","(not assigned)",INDEX('HMM Locations'!$B:$B,MATCH(F39,'HMM Locations'!$A:$A,0))),"(not assigned)") | I39: =IFERROR(IF(INDEX('HMM Locations'!$C:$G,MATCH(F39,'HMM Locations'!$A:$A,0),D39)="","(not assigned)",INDEX('HMM Locations'!$C:$G,MATCH(F39,'HMM Locations'!$A:$A,0),D39)),"(not assigned)") | J39: =IF(COUNTIF(G39:I39,"(not assigned)")=0,"Ready","Needs grid entry") | K39: hào | L39: 好、好吃、爱好
A40: 号 | B40: 1 | C40: hào | D40: 4 | E40: H | F40: AO | G40: =IFERROR(IF(INDEX('HMM Actors'!$B:$B,MATCH(E40,'HMM Actors'!$A:$A,0))="","(not assigned)",INDEX('HMM Actors'!$B:$B,MATCH(E40,'HMM Actors'!$A:$A,0))),"(not assigned)") | H40: =IFERROR(IF(INDEX('HMM Locations'!$B:$B,MATCH(F40,'HMM Locations'!$A:$A,0))="","(not assigned)",INDEX('HMM Locations'!$B:$B,MATCH(F40,'HMM Locations'!$A:$A,0))),"(not assigned)") | I40: =IFERROR(IF(INDEX('HMM Locations'!$C:$G,MATCH(F40,'HMM Locations'!$A:$A,0),D40)="","(not assigned)",INDEX('HMM Locations'!$C:$G,MATCH(F40,'HMM Locations'!$A:$A,0),D40)),"(not assigned)") | J40: =IF(COUNTIF(G40:I40,"(not assigned)")=0,"Ready","Needs grid entry") | L40: 号
A41: 喝 | B41: 1 | C41: hē | D41: 1 | E41: H | F41: E | G41: =IFERROR(IF(INDEX('HMM Actors'!$B:$B,MATCH(E41,'HMM Actors'!$A:$A,0))="","(not assigned)",INDEX('HMM Actors'!$B:$B,MATCH(E41,'HMM Actors'!$A:$A,0))),"(not assigned)") | H41: =IFERROR(IF(INDEX('HMM Locations'!$B:$B,MATCH(F41,'HMM Locations'!$A:$A,0))="","(not assigned)",INDEX('HMM Locations'!$B:$B,MATCH(F41,'HMM Locations'!$A:$A,0))),"(not assigned)") | I41: =IFERROR(IF(INDEX('HMM Locations'!$C:$G,MATCH(F41,'HMM Locations'!$A:$A,0),D41)="","(not assigned)",INDEX('HMM Locations'!$C:$G,MATCH(F41,'HMM Locations'!$A:$A,0),D41)),"(not assigned)") | J41: =IF(COUNTIF(G41:I41,"(not assigned)")=0,"Ready","Needs grid entry") | L41: 喝
A42: 和 | B42: 1 | C42: hé | D42: 2 | E42: H | F42: E | G42: =IFERROR(IF(INDEX('HMM Actors'!$B:$B,MATCH(E42,'HMM Actors'!$A:$A,0))="","(not assigned)",INDEX('HMM Actors'!$B:$B,MATCH(E42,'HMM Actors'!$A:$A,0))),"(not assigned)") | H42: =IFERROR(IF(INDEX('HMM Locations'!$B:$B,MATCH(F42,'HMM Locations'!$A:$A,0))="","(not assigned)",INDEX('HMM Locations'!$B:$B,MATCH(F42,'HMM Locations'!$A:$A,0))),"(not assigned)") | I42: =IFERROR(IF(INDEX('HMM Locations'!$C:$G,MATCH(F42,'HMM Locations'!$A:$A,0),D42)="","(not assigned)",INDEX('HMM Locations'!$C:$G,MATCH(F42,'HMM Locations'!$A:$A,0),D42)),"(not assigned)") | J42: =IF(COUNTIF(G42:I42,"(not assigned)")=0,"Ready","Needs grid entry") | L42: 和
A43: 很 | B43: 1 | C43: hěn | D43: 3 | E43: H | F43: (E)N | G43: =IFERROR(IF(INDEX('HMM Actors'!$B:$B,MATCH(E43,'HMM Actors'!$A:$A,0))="","(not assigned)",INDEX('HMM Actors'!$B:$B,MATCH(E43,'HMM Actors'!$A:$A,0))),"(not assigned)") | H43: =IFERROR(IF(INDEX('HMM Locations'!$B:$B,MATCH(F43,'HMM Locations'!$A:$A,0))="","(not assigned)",INDEX('HMM Locations'!$B:$B,MATCH(F43,'HMM Locations'!$A:$A,0))),"(not assigned)") | I43: =IFERROR(IF(INDEX('HMM Locations'!$C:$G,MATCH(F43,'HMM Locations'!$A:$A,0),D43)="","(not assigned)",INDEX('HMM Locations'!$C:$G,MATCH(F43,'HMM Locations'!$A:$A,0),D43)),"(not assigned)") | J43: =IF(COUNTIF(G43:I43,"(not assigned)")=0,"Ready","Needs grid entry") | L43: 很
A44: 后 | B44: 1 | C44: hòu | D44: 4 | E44: H | F44: OU | G44: =IFERROR(IF(INDEX('HMM Actors'!$B:$B,MATCH(E44,'HMM Actors'!$A:$A,0))="","(not assigned)",INDEX('HMM Actors'!$B:$B,MATCH(E44,'HMM Actors'!$A:$A,0))),"(not assigned)") | H44: =IFERROR(IF(INDEX('HMM Locations'!$B:$B,MATCH(F44,'HMM Locations'!$A:$A,0))="","(not assigned)",INDEX('HMM Locations'!$B:$B,MATCH(F44,'HMM Locations'!$A:$A,0))),"(not assigned)") | I44: =IFERROR(IF(INDEX('HMM Locations'!$C:$G,MATCH(F44,'HMM Locations'!$A:$A,0),D44)="","(not assigned)",INDEX('HMM Locations'!$C:$G,MATCH(F44,'HMM Locations'!$A:$A,0),D44)),"(not assigned)") | J44: =IF(COUNTIF(G44:I44,"(not assigned)")=0,"Ready","Needs grid entry") | L44: 后面、后来、然后、最后
A45: 候 | B45: 1 | C45: hòu | D45: 4 | E45: H | F45: OU | G45: =IFERROR(IF(INDEX('HMM Actors'!$B:$B,MATCH(E45,'HMM Actors'!$A:$A,0))="","(not assigned)",INDEX('HMM Actors'!$B:$B,MATCH(E45,'HMM Actors'!$A:$A,0))),"(not assigned)") | H45: =IFERROR(IF(INDEX('HMM Locations'!$B:$B,MATCH(F45,'HMM Locations'!$A:$A,0))="","(not assigned)",INDEX('HMM Locations'!$B:$B,MATCH(F45,'HMM Locations'!$A:$A,0))),"(not assigned)") | I45: =IFERROR(IF(INDEX('HMM Locations'!$C:$G,MATCH(F45,'HMM Locations'!$A:$A,0),D45)="","(not assigned)",INDEX('HMM Locations'!$C:$G,MATCH(F45,'HMM Locations'!$A:$A,0),D45)),"(not assigned)") | J45: =IF(COUNTIF(G45:I45,"(not assigned)")=0,"Ready","Needs grid entry") | L45: 时候
A46: 话 | B46: 1 | C46: huà | D46: 4 | E46: H | F46: UA | G46: =IFERROR(IF(INDEX('HMM Actors'!$B:$B,MATCH(E46,'HMM Actors'!$A:$A,0))="","(not assigned)",INDEX('HMM Actors'!$B:$B,MATCH(E46,'HMM Actors'!$A:$A,0))),"(not assigned)") | H46: =IFERROR(IF(INDEX('HMM Locations'!$B:$B,MATCH(F46,'HMM Locations'!$A:$A,0))="","(not assigned)",INDEX('HMM Locations'!$B:$B,MATCH(F46,'HMM Locations'!$A:$A,0))),"(not assigned)") | I46: =IFERROR(IF(INDEX('HMM Locations'!$C:$G,MATCH(F46,'HMM Locations'!$A:$A,0),D46)="","(not assigned)",INDEX('HMM Locations'!$C:$G,MATCH(F46,'HMM Locations'!$A:$A,0),D46)),"(not assigned)") | J46: =IF(COUNTIF(G46:I46,"(not assigned)")=0,"Ready","Needs grid entry") | L46: 打电话、说话
A47: 欢 | B47: 1 | C47: huān | D47: 1 | E47: H | F47: UAN (14th, Jacob-specific) | G47: =IFERROR(IF(INDEX('HMM Actors'!$B:$B,MATCH(E47,'HMM Actors'!$A:$A,0))="","(not assigned)",INDEX('HMM Actors'!$B:$B,MATCH(E47,'HMM Actors'!$A:$A,0))),"(not assigned)") | H47: =IFERROR(IF(INDEX('HMM Locations'!$B:$B,MATCH(F47,'HMM Locations'!$A:$A,0))="","(not assigned)",INDEX('HMM Locations'!$B:$B,MATCH(F47,'HMM Locations'!$A:$A,0))),"(not assigned)") | I47: =IFERROR(IF(INDEX('HMM Locations'!$C:$G,MATCH(F47,'HMM Locations'!$A:$A,0),D47)="","(not assigned)",INDEX('HMM Locations'!$C:$G,MATCH(F47,'HMM Locations'!$A:$A,0),D47)),"(not assigned)") | J47: =IF(COUNTIF(G47:I47,"(not assigned)")=0,"Ready","Needs grid entry") | L47: 喜欢、欢迎
A48: 回 | B48: 1 | C48: huí | D48: 2 | E48: H | F48: UI | G48: =IFERROR(IF(INDEX('HMM Actors'!$B:$B,MATCH(E48,'HMM Actors'!$A:$A,0))="","(not assigned)",INDEX('HMM Actors'!$B:$B,MATCH(E48,'HMM Actors'!$A:$A,0))),"(not assigned)") | H48: =IFERROR(IF(INDEX('HMM Locations'!$B:$B,MATCH(F48,'HMM Locations'!$A:$A,0))="","(not assigned)",INDEX('HMM Locations'!$B:$B,MATCH(F48,'HMM Locations'!$A:$A,0))),"(not assigned)") | I48: =IFERROR(IF(INDEX('HMM Locations'!$C:$G,MATCH(F48,'HMM Locations'!$A:$A,0),D48)="","(not assigned)",INDEX('HMM Locations'!$C:$G,MATCH(F48,'HMM Locations'!$A:$A,0),D48)),"(not assigned)") | J48: =IF(COUNTIF(G48:I48,"(not assigned)")=0,"Ready","Needs grid entry") | L48: 回、回答
A49: 会 | B49: 1 | C49: huì | D49: 4 | E49: H | F49: UI | G49: =IFERROR(IF(INDEX('HMM Actors'!$B:$B,MATCH(E49,'HMM Actors'!$A:$A,0))="","(not assigned)",INDEX('HMM Actors'!$B:$B,MATCH(E49,'HMM Actors'!$A:$A,0))),"(not assigned)") | H49: =IFERROR(IF(INDEX('HMM Locations'!$B:$B,MATCH(F49,'HMM Locations'!$A:$A,0))="","(not assigned)",INDEX('HMM Locations'!$B:$B,MATCH(F49,'HMM Locations'!$A:$A,0))),"(not assigned)") | I49: =IFERROR(IF(INDEX('HMM Locations'!$C:$G,MATCH(F49,'HMM Locations'!$A:$A,0),D49)="","(not assigned)",INDEX('HMM Locations'!$C:$G,MATCH(F49,'HMM Locations'!$A:$A,0),D49)),"(not assigned)") | J49: =IF(COUNTIF(G49:I49,"(not assigned)")=0,"Ready","Needs grid entry") | L49: 会、会议、机会、一会儿
A50: 机 | B50: 1 | C50: jī | D50: 1 | E50: J | F50: I | G50: =IFERROR(IF(INDEX('HMM Actors'!$B:$B,MATCH(E50,'HMM Actors'!$A:$A,0))="","(not assigned)",INDEX('HMM Actors'!$B:$B,MATCH(E50,'HMM Actors'!$A:$A,0))),"(not assigned)") | H50: =IFERROR(IF(INDEX('HMM Locations'!$B:$B,MATCH(F50,'HMM Locations'!$A:$A,0))="","(not assigned)",INDEX('HMM Locations'!$B:$B,MATCH(F50,'HMM Locations'!$A:$A,0))),"(not assigned)") | I50: =IFERROR(IF(INDEX('HMM Locations'!$C:$G,MATCH(F50,'HMM Locations'!$A:$A,0),D50)="","(not assigned)",INDEX('HMM Locations'!$C:$G,MATCH(F50,'HMM Locations'!$A:$A,0),D50)),"(not assigned)") | J50: =IF(COUNTIF(G50:I50,"(not assigned)")=0,"Ready","Needs grid entry") | L50: 飞机、机场、手机、机会
A51: 几 | B51: 1 | C51: jǐ | D51: 3 | E51: J | F51: I | G51: =IFERROR(IF(INDEX('HMM Actors'!$B:$B,MATCH(E51,'HMM Actors'!$A:$A,0))="","(not assigned)",INDEX('HMM Actors'!$B:$B,MATCH(E51,'HMM Actors'!$A:$A,0))),"(not assigned)") | H51: =IFERROR(IF(INDEX('HMM Locations'!$B:$B,MATCH(F51,'HMM Locations'!$A:$A,0))="","(not assigned)",INDEX('HMM Locations'!$B:$B,MATCH(F51,'HMM Locations'!$A:$A,0))),"(not assigned)") | I51: =IFERROR(IF(INDEX('HMM Locations'!$C:$G,MATCH(F51,'HMM Locations'!$A:$A,0),D51)="","(not assigned)",INDEX('HMM Locations'!$C:$G,MATCH(F51,'HMM Locations'!$A:$A,0),D51)),"(not assigned)") | J51: =IF(COUNTIF(G51:I51,"(not assigned)")=0,"Ready","Needs grid entry") | K51: jī | L51: 几、几乎
A52: 家 | B52: 1 | C52: jiā | D52: 1 | E52: J | F52: IA | G52: =IFERROR(IF(INDEX('HMM Actors'!$B:$B,MATCH(E52,'HMM Actors'!$A:$A,0))="","(not assigned)",INDEX('HMM Actors'!$B:$B,MATCH(E52,'HMM Actors'!$A:$A,0))),"(not assigned)") | H52: =IFERROR(IF(INDEX('HMM Locations'!$B:$B,MATCH(F52,'HMM Locations'!$A:$A,0))="","(not assigned)",INDEX('HMM Locations'!$B:$B,MATCH(F52,'HMM Locations'!$A:$A,0))),"(not assigned)") | I52: =IFERROR(IF(INDEX('HMM Locations'!$C:$G,MATCH(F52,'HMM Locations'!$A:$A,0),D52)="","(not assigned)",INDEX('HMM Locations'!$C:$G,MATCH(F52,'HMM Locations'!$A:$A,0),D52)),"(not assigned)") | J52: =IF(COUNTIF(G52:I52,"(not assigned)")=0,"Ready","Needs grid entry") | L52: 家、大家、国家
A53: 见 | B53: 1 | C53: jiàn | D53: 4 | E53: J | F53: IAN | G53: =IFERROR(IF(INDEX('HMM Actors'!$B:$B,MATCH(E53,'HMM Actors'!$A:$A,0))="","(not assigned)",INDEX('HMM Actors'!$B:$B,MATCH(E53,'HMM Actors'!$A:$A,0))),"(not assigned)") | H53: =IFERROR(IF(INDEX('HMM Locations'!$B:$B,MATCH(F53,'HMM Locations'!$A:$A,0))="","(not assigned)",INDEX('HMM Locations'!$B:$B,MATCH(F53,'HMM Locations'!$A:$A,0))),"(not assigned)") | I53: =IFERROR(IF(INDEX('HMM Locations'!$C:$G,MATCH(F53,'HMM Locations'!$A:$A,0),D53)="","(not assigned)",INDEX('HMM Locations'!$C:$G,MATCH(F53,'HMM Locations'!$A:$A,0),D53)),"(not assigned)") | J53: =IF(COUNTIF(G53:I53,"(not assigned)")=0,"Ready","Needs grid entry") | L53: 看见、再见、见面
A54: 叫 | B54: 1 | C54: jiào | D54: 4 | E54: J | F54: IAO | G54: =IFERROR(IF(INDEX('HMM Actors'!$B:$B,MATCH(E54,'HMM Actors'!$A:$A,0))="","(not assigned)",INDEX('HMM Actors'!$B:$B,MATCH(E54,'HMM Actors'!$A:$A,0))),"(not assigned)") | H54: =IFERROR(IF(INDEX('HMM Locations'!$B:$B,MATCH(F54,'HMM Locations'!$A:$A,0))="","(not assigned)",INDEX('HMM Locations'!$B:$B,MATCH(F54,'HMM Locations'!$A:$A,0))),"(not assigned)") | I54: =IFERROR(IF(INDEX('HMM Locations'!$C:$G,MATCH(F54,'HMM Locations'!$A:$A,0),D54)="","(not assigned)",INDEX('HMM Locations'!$C:$G,MATCH(F54,'HMM Locations'!$A:$A,0),D54)),"(not assigned)") | J54: =IF(COUNTIF(G54:I54,"(not assigned)")=0,"Ready","Needs grid entry") | L54: 叫
A55: 姐 | B55: 1 | C55: jiě | D55: 3 | E55: J | F55: IE | G55: =IFERROR(IF(INDEX('HMM Actors'!$B:$B,MATCH(E55,'HMM Actors'!$A:$A,0))="","(not assigned)",INDEX('HMM Actors'!$B:$B,MATCH(E55,'HMM Actors'!$A:$A,0))),"(not assigned)") | H55: =IFERROR(IF(INDEX('HMM Locations'!$B:$B,MATCH(F55,'HMM Locations'!$A:$A,0))="","(not assigned)",INDEX('HMM Locations'!$B:$B,MATCH(F55,'HMM Locations'!$A:$A,0))),"(not assigned)") | I55: =IFERROR(IF(INDEX('HMM Locations'!$C:$G,MATCH(F55,'HMM Locations'!$A:$A,0),D55)="","(not assigned)",INDEX('HMM Locations'!$C:$G,MATCH(F55,'HMM Locations'!$A:$A,0),D55)),"(not assigned)") | J55: =IF(COUNTIF(G55:I55,"(not assigned)")=0,"Ready","Needs grid entry") | L55: 小姐、姐姐
A56: 今 | B56: 1 | C56: jīn | D56: 1 | E56: J | F56: IN | G56: =IFERROR(IF(INDEX('HMM Actors'!$B:$B,MATCH(E56,'HMM Actors'!$A:$A,0))="","(not assigned)",INDEX('HMM Actors'!$B:$B,MATCH(E56,'HMM Actors'!$A:$A,0))),"(not assigned)") | H56: =IFERROR(IF(INDEX('HMM Locations'!$B:$B,MATCH(F56,'HMM Locations'!$A:$A,0))="","(not assigned)",INDEX('HMM Locations'!$B:$B,MATCH(F56,'HMM Locations'!$A:$A,0))),"(not assigned)") | I56: =IFERROR(IF(INDEX('HMM Locations'!$C:$G,MATCH(F56,'HMM Locations'!$A:$A,0),D56)="","(not assigned)",INDEX('HMM Locations'!$C:$G,MATCH(F56,'HMM Locations'!$A:$A,0),D56)),"(not assigned)") | J56: =IF(COUNTIF(G56:I56,"(not assigned)")=0,"Ready","Needs grid entry") | L56: 今天
A57: 京 | B57: 1 | C57: jīng | D57: 1 | E57: J | F57: ING | G57: =IFERROR(IF(INDEX('HMM Actors'!$B:$B,MATCH(E57,'HMM Actors'!$A:$A,0))="","(not assigned)",INDEX('HMM Actors'!$B:$B,MATCH(E57,'HMM Actors'!$A:$A,0))),"(not assigned)") | H57: =IFERROR(IF(INDEX('HMM Locations'!$B:$B,MATCH(F57,'HMM Locations'!$A:$A,0))="","(not assigned)",INDEX('HMM Locations'!$B:$B,MATCH(F57,'HMM Locations'!$A:$A,0))),"(not assigned)") | I57: =IFERROR(IF(INDEX('HMM Locations'!$C:$G,MATCH(F57,'HMM Locations'!$A:$A,0),D57)="","(not assigned)",INDEX('HMM Locations'!$C:$G,MATCH(F57,'HMM Locations'!$A:$A,0),D57)),"(not assigned)") | J57: =IF(COUNTIF(G57:I57,"(not assigned)")=0,"Ready","Needs grid entry") | L57: 北京
A58: 九 | B58: 1 | C58: jiǔ | D58: 3 | E58: J | F58: IU | G58: =IFERROR(IF(INDEX('HMM Actors'!$B:$B,MATCH(E58,'HMM Actors'!$A:$A,0))="","(not assigned)",INDEX('HMM Actors'!$B:$B,MATCH(E58,'HMM Actors'!$A:$A,0))),"(not assigned)") | H58: =IFERROR(IF(INDEX('HMM Locations'!$B:$B,MATCH(F58,'HMM Locations'!$A:$A,0))="","(not assigned)",INDEX('HMM Locations'!$B:$B,MATCH(F58,'HMM Locations'!$A:$A,0))),"(not assigned)") | I58: =IFERROR(IF(INDEX('HMM Locations'!$C:$G,MATCH(F58,'HMM Locations'!$A:$A,0),D58)="","(not assigned)",INDEX('HMM Locations'!$C:$G,MATCH(F58,'HMM Locations'!$A:$A,0),D58)),"(not assigned)") | J58: =IF(COUNTIF(G58:I58,"(not assigned)")=0,"Ready","Needs grid entry") | L58: 九
A59: 觉 | B59: 1 | C59: jiào | D59: 4 | E59: J | F59: IAO | G59: =IFERROR(IF(INDEX('HMM Actors'!$B:$B,MATCH(E59,'HMM Actors'!$A:$A,0))="","(not assigned)",INDEX('HMM Actors'!$B:$B,MATCH(E59,'HMM Actors'!$A:$A,0))),"(not assigned)") | H59: =IFERROR(IF(INDEX('HMM Locations'!$B:$B,MATCH(F59,'HMM Locations'!$A:$A,0))="","(not assigned)",INDEX('HMM Locations'!$B:$B,MATCH(F59,'HMM Locations'!$A:$A,0))),"(not assigned)") | I59: =IFERROR(IF(INDEX('HMM Locations'!$C:$G,MATCH(F59,'HMM Locations'!$A:$A,0),D59)="","(not assigned)",INDEX('HMM Locations'!$C:$G,MATCH(F59,'HMM Locations'!$A:$A,0),D59)),"(not assigned)") | J59: =IF(COUNTIF(G59:I59,"(not assigned)")=0,"Ready","Needs grid entry") | K59: jué | L59: 睡觉、觉得
A60: 开 | B60: 1 | C60: kāi | D60: 1 | E60: K | F60: AI | G60: =IFERROR(IF(INDEX('HMM Actors'!$B:$B,MATCH(E60,'HMM Actors'!$A:$A,0))="","(not assigned)",INDEX('HMM Actors'!$B:$B,MATCH(E60,'HMM Actors'!$A:$A,0))),"(not assigned)") | H60: =IFERROR(IF(INDEX('HMM Locations'!$B:$B,MATCH(F60,'HMM Locations'!$A:$A,0))="","(not assigned)",INDEX('HMM Locations'!$B:$B,MATCH(F60,'HMM Locations'!$A:$A,0))),"(not assigned)") | I60: =IFERROR(IF(INDEX('HMM Locations'!$C:$G,MATCH(F60,'HMM Locations'!$A:$A,0),D60)="","(not assigned)",INDEX('HMM Locations'!$C:$G,MATCH(F60,'HMM Locations'!$A:$A,0),D60)),"(not assigned)") | J60: =IF(COUNTIF(G60:I60,"(not assigned)")=0,"Ready","Needs grid entry") | L60: 开、开始、离开
A61: 看 | B61: 1 | C61: kàn | D61: 4 | E61: K | F61: AN | G61: =IFERROR(IF(INDEX('HMM Actors'!$B:$B,MATCH(E61,'HMM Actors'!$A:$A,0))="","(not assigned)",INDEX('HMM Actors'!$B:$B,MATCH(E61,'HMM Actors'!$A:$A,0))),"(not assigned)") | H61: =IFERROR(IF(INDEX('HMM Locations'!$B:$B,MATCH(F61,'HMM Locations'!$A:$A,0))="","(not assigned)",INDEX('HMM Locations'!$B:$B,MATCH(F61,'HMM Locations'!$A:$A,0))),"(not assigned)") | I61: =IFERROR(IF(INDEX('HMM Locations'!$C:$G,MATCH(F61,'HMM Locations'!$A:$A,0),D61)="","(not assigned)",INDEX('HMM Locations'!$C:$G,MATCH(F61,'HMM Locations'!$A:$A,0),D61)),"(not assigned)") | J61: =IF(COUNTIF(G61:I61,"(not assigned)")=0,"Ready","Needs grid entry") | L61: 看、看见
A62: 客 | B62: 1 | C62: kè | D62: 4 | E62: K | F62: E | G62: =IFERROR(IF(INDEX('HMM Actors'!$B:$B,MATCH(E62,'HMM Actors'!$A:$A,0))="","(not assigned)",INDEX('HMM Actors'!$B:$B,MATCH(E62,'HMM Actors'!$A:$A,0))),"(not assigned)") | H62: =IFERROR(IF(INDEX('HMM Locations'!$B:$B,MATCH(F62,'HMM Locations'!$A:$A,0))="","(not assigned)",INDEX('HMM Locations'!$B:$B,MATCH(F62,'HMM Locations'!$A:$A,0))),"(not assigned)") | I62: =IFERROR(IF(INDEX('HMM Locations'!$C:$G,MATCH(F62,'HMM Locations'!$A:$A,0),D62)="","(not assigned)",INDEX('HMM Locations'!$C:$G,MATCH(F62,'HMM Locations'!$A:$A,0),D62)),"(not assigned)") | J62: =IF(COUNTIF(G62:I62,"(not assigned)")=0,"Ready","Needs grid entry") | L62: 不客气、客人
A63: 块 | B63: 1 | C63: kuài | D63: 4 | E63: K | F63: UAI | G63: =IFERROR(IF(INDEX('HMM Actors'!$B:$B,MATCH(E63,'HMM Actors'!$A:$A,0))="","(not assigned)",INDEX('HMM Actors'!$B:$B,MATCH(E63,'HMM Actors'!$A:$A,0))),"(not assigned)") | H63: =IFERROR(IF(INDEX('HMM Locations'!$B:$B,MATCH(F63,'HMM Locations'!$A:$A,0))="","(not assigned)",INDEX('HMM Locations'!$B:$B,MATCH(F63,'HMM Locations'!$A:$A,0))),"(not assigned)") | I63: =IFERROR(IF(INDEX('HMM Locations'!$C:$G,MATCH(F63,'HMM Locations'!$A:$A,0),D63)="","(not assigned)",INDEX('HMM Locations'!$C:$G,MATCH(F63,'HMM Locations'!$A:$A,0),D63)),"(not assigned)") | J63: =IF(COUNTIF(G63:I63,"(not assigned)")=0,"Ready","Needs grid entry") | L63: 块
A64: 来 | B64: 1 | C64: lái | D64: 2 | E64: L | F64: AI | G64: =IFERROR(IF(INDEX('HMM Actors'!$B:$B,MATCH(E64,'HMM Actors'!$A:$A,0))="","(not assigned)",INDEX('HMM Actors'!$B:$B,MATCH(E64,'HMM Actors'!$A:$A,0))),"(not assigned)") | H64: =IFERROR(IF(INDEX('HMM Locations'!$B:$B,MATCH(F64,'HMM Locations'!$A:$A,0))="","(not assigned)",INDEX('HMM Locations'!$B:$B,MATCH(F64,'HMM Locations'!$A:$A,0))),"(not assigned)") | I64: =IFERROR(IF(INDEX('HMM Locations'!$C:$G,MATCH(F64,'HMM Locations'!$A:$A,0),D64)="","(not assigned)",INDEX('HMM Locations'!$C:$G,MATCH(F64,'HMM Locations'!$A:$A,0),D64)),"(not assigned)") | J64: =IF(COUNTIF(G64:I64,"(not assigned)")=0,"Ready","Needs grid entry") | L64: 来、后来、起来
A65: 老 | B65: 1 | C65: lǎo | D65: 3 | E65: L | F65: AO | G65: =IFERROR(IF(INDEX('HMM Actors'!$B:$B,MATCH(E65,'HMM Actors'!$A:$A,0))="","(not assigned)",INDEX('HMM Actors'!$B:$B,MATCH(E65,'HMM Actors'!$A:$A,0))),"(not assigned)") | H65: =IFERROR(IF(INDEX('HMM Locations'!$B:$B,MATCH(F65,'HMM Locations'!$A:$A,0))="","(not assigned)",INDEX('HMM Locations'!$B:$B,MATCH(F65,'HMM Locations'!$A:$A,0))),"(not assigned)") | I65: =IFERROR(IF(INDEX('HMM Locations'!$C:$G,MATCH(F65,'HMM Locations'!$A:$A,0),D65)="","(not assigned)",INDEX('HMM Locations'!$C:$G,MATCH(F65,'HMM Locations'!$A:$A,0),D65)),"(not assigned)") | J65: =IF(COUNTIF(G65:I65,"(not assigned)")=0,"Ready","Needs grid entry") | L65: 老师、老
A66: 了 | B66: 1 | C66: le | D66: 5 | E66: L | F66: E | G66: =IFERROR(IF(INDEX('HMM Actors'!$B:$B,MATCH(E66,'HMM Actors'!$A:$A,0))="","(not assigned)",INDEX('HMM Actors'!$B:$B,MATCH(E66,'HMM Actors'!$A:$A,0))),"(not assigned)") | H66: =IFERROR(IF(INDEX('HMM Locations'!$B:$B,MATCH(F66,'HMM Locations'!$A:$A,0))="","(not assigned)",INDEX('HMM Locations'!$B:$B,MATCH(F66,'HMM Locations'!$A:$A,0))),"(not assigned)") | I66: =IFERROR(IF(INDEX('HMM Locations'!$C:$G,MATCH(F66,'HMM Locations'!$A:$A,0),D66)="","(not assigned)",INDEX('HMM Locations'!$C:$G,MATCH(F66,'HMM Locations'!$A:$A,0),D66)),"(not assigned)") | J66: =IF(COUNTIF(G66:I66,"(not assigned)")=0,"Ready","Needs grid entry") | K66: liǎo | L66: 了、除了、了解、为了
A67: 冷 | B67: 1 | C67: lěng | D67: 3 | E67: L | F67: (E)NG | G67: =IFERROR(IF(INDEX('HMM Actors'!$B:$B,MATCH(E67,'HMM Actors'!$A:$A,0))="","(not assigned)",INDEX('HMM Actors'!$B:$B,MATCH(E67,'HMM Actors'!$A:$A,0))),"(not assigned)") | H67: =IFERROR(IF(INDEX('HMM Locations'!$B:$B,MATCH(F67,'HMM Locations'!$A:$A,0))="","(not assigned)",INDEX('HMM Locations'!$B:$B,MATCH(F67,'HMM Locations'!$A:$A,0))),"(not assigned)") | I67: =IFERROR(IF(INDEX('HMM Locations'!$C:$G,MATCH(F67,'HMM Locations'!$A:$A,0),D67)="","(not assigned)",INDEX('HMM Locations'!$C:$G,MATCH(F67,'HMM Locations'!$A:$A,0),D67)),"(not assigned)") | J67: =IF(COUNTIF(G67:I67,"(not assigned)")=0,"Ready","Needs grid entry") | L67: 冷
A68: 里 | B68: 1 | C68: lǐ | D68: 3 | E68: L | F68: I | G68: =IFERROR(IF(INDEX('HMM Actors'!$B:$B,MATCH(E68,'HMM Actors'!$A:$A,0))="","(not assigned)",INDEX('HMM Actors'!$B:$B,MATCH(E68,'HMM Actors'!$A:$A,0))),"(not assigned)") | H68: =IFERROR(IF(INDEX('HMM Locations'!$B:$B,MATCH(F68,'HMM Locations'!$A:$A,0))="","(not assigned)",INDEX('HMM Locations'!$B:$B,MATCH(F68,'HMM Locations'!$A:$A,0))),"(not assigned)") | I68: =IFERROR(IF(INDEX('HMM Locations'!$C:$G,MATCH(F68,'HMM Locations'!$A:$A,0),D68)="","(not assigned)",INDEX('HMM Locations'!$C:$G,MATCH(F68,'HMM Locations'!$A:$A,0),D68)),"(not assigned)") | J68: =IF(COUNTIF(G68:I68,"(not assigned)")=0,"Ready","Needs grid entry") | L68: 里
A69: 亮 | B69: 1 | C69: liàng | D69: 4 | E69: L | F69: IANG | G69: =IFERROR(IF(INDEX('HMM Actors'!$B:$B,MATCH(E69,'HMM Actors'!$A:$A,0))="","(not assigned)",INDEX('HMM Actors'!$B:$B,MATCH(E69,'HMM Actors'!$A:$A,0))),"(not assigned)") | H69: =IFERROR(IF(INDEX('HMM Locations'!$B:$B,MATCH(F69,'HMM Locations'!$A:$A,0))="","(not assigned)",INDEX('HMM Locations'!$B:$B,MATCH(F69,'HMM Locations'!$A:$A,0))),"(not assigned)") | I69: =IFERROR(IF(INDEX('HMM Locations'!$C:$G,MATCH(F69,'HMM Locations'!$A:$A,0),D69)="","(not assigned)",INDEX('HMM Locations'!$C:$G,MATCH(F69,'HMM Locations'!$A:$A,0),D69)),"(not assigned)") | J69: =IF(COUNTIF(G69:I69,"(not assigned)")=0,"Ready","Needs grid entry") | L69: 漂亮、月亮
A70: 六 | B70: 1 | C70: liù | D70: 4 | E70: L | F70: IU | G70: =IFERROR(IF(INDEX('HMM Actors'!$B:$B,MATCH(E70,'HMM Actors'!$A:$A,0))="","(not assigned)",INDEX('HMM Actors'!$B:$B,MATCH(E70,'HMM Actors'!$A:$A,0))),"(not assigned)") | H70: =IFERROR(IF(INDEX('HMM Locations'!$B:$B,MATCH(F70,'HMM Locations'!$A:$A,0))="","(not assigned)",INDEX('HMM Locations'!$B:$B,MATCH(F70,'HMM Locations'!$A:$A,0))),"(not assigned)") | I70: =IFERROR(IF(INDEX('HMM Locations'!$C:$G,MATCH(F70,'HMM Locations'!$A:$A,0),D70)="","(not assigned)",INDEX('HMM Locations'!$C:$G,MATCH(F70,'HMM Locations'!$A:$A,0),D70)),"(not assigned)") | J70: =IF(COUNTIF(G70:I70,"(not assigned)")=0,"Ready","Needs grid entry") | L70: 六
A71: 妈 | B71: 1 | C71: mā | D71: 1 | E71: M | F71: A | G71: =IFERROR(IF(INDEX('HMM Actors'!$B:$B,MATCH(E71,'HMM Actors'!$A:$A,0))="","(not assigned)",INDEX('HMM Actors'!$B:$B,MATCH(E71,'HMM Actors'!$A:$A,0))),"(not assigned)") | H71: =IFERROR(IF(INDEX('HMM Locations'!$B:$B,MATCH(F71,'HMM Locations'!$A:$A,0))="","(not assigned)",INDEX('HMM Locations'!$B:$B,MATCH(F71,'HMM Locations'!$A:$A,0))),"(not assigned)") | I71: =IFERROR(IF(INDEX('HMM Locations'!$C:$G,MATCH(F71,'HMM Locations'!$A:$A,0),D71)="","(not assigned)",INDEX('HMM Locations'!$C:$G,MATCH(F71,'HMM Locations'!$A:$A,0),D71)),"(not assigned)") | J71: =IF(COUNTIF(G71:I71,"(not assigned)")=0,"Ready","Needs grid entry") | L71: 妈妈
A72: 吗 | B72: 1 | C72: ma | D72: 5 | E72: M | F72: A | G72: =IFERROR(IF(INDEX('HMM Actors'!$B:$B,MATCH(E72,'HMM Actors'!$A:$A,0))="","(not assigned)",INDEX('HMM Actors'!$B:$B,MATCH(E72,'HMM Actors'!$A:$A,0))),"(not assigned)") | H72: =IFERROR(IF(INDEX('HMM Locations'!$B:$B,MATCH(F72,'HMM Locations'!$A:$A,0))="","(not assigned)",INDEX('HMM Locations'!$B:$B,MATCH(F72,'HMM Locations'!$A:$A,0))),"(not assigned)") | I72: =IFERROR(IF(INDEX('HMM Locations'!$C:$G,MATCH(F72,'HMM Locations'!$A:$A,0),D72)="","(not assigned)",INDEX('HMM Locations'!$C:$G,MATCH(F72,'HMM Locations'!$A:$A,0),D72)),"(not assigned)") | J72: =IF(COUNTIF(G72:I72,"(not assigned)")=0,"Ready","Needs grid entry") | L72: 吗
A73: 买 | B73: 1 | C73: mǎi | D73: 3 | E73: M | F73: AI | G73: =IFERROR(IF(INDEX('HMM Actors'!$B:$B,MATCH(E73,'HMM Actors'!$A:$A,0))="","(not assigned)",INDEX('HMM Actors'!$B:$B,MATCH(E73,'HMM Actors'!$A:$A,0))),"(not assigned)") | H73: =IFERROR(IF(INDEX('HMM Locations'!$B:$B,MATCH(F73,'HMM Locations'!$A:$A,0))="","(not assigned)",INDEX('HMM Locations'!$B:$B,MATCH(F73,'HMM Locations'!$A:$A,0))),"(not assigned)") | I73: =IFERROR(IF(INDEX('HMM Locations'!$C:$G,MATCH(F73,'HMM Locations'!$A:$A,0),D73)="","(not assigned)",INDEX('HMM Locations'!$C:$G,MATCH(F73,'HMM Locations'!$A:$A,0),D73)),"(not assigned)") | J73: =IF(COUNTIF(G73:I73,"(not assigned)")=0,"Ready","Needs grid entry") | L73: 买
A74: 猫 | B74: 1 | C74: māo | D74: 1 | E74: M | F74: AO | G74: =IFERROR(IF(INDEX('HMM Actors'!$B:$B,MATCH(E74,'HMM Actors'!$A:$A,0))="","(not assigned)",INDEX('HMM Actors'!$B:$B,MATCH(E74,'HMM Actors'!$A:$A,0))),"(not assigned)") | H74: =IFERROR(IF(INDEX('HMM Locations'!$B:$B,MATCH(F74,'HMM Locations'!$A:$A,0))="","(not assigned)",INDEX('HMM Locations'!$B:$B,MATCH(F74,'HMM Locations'!$A:$A,0))),"(not assigned)") | I74: =IFERROR(IF(INDEX('HMM Locations'!$C:$G,MATCH(F74,'HMM Locations'!$A:$A,0),D74)="","(not assigned)",INDEX('HMM Locations'!$C:$G,MATCH(F74,'HMM Locations'!$A:$A,0),D74)),"(not assigned)") | J74: =IF(COUNTIF(G74:I74,"(not assigned)")=0,"Ready","Needs grid entry") | L74: 猫、熊猫
A75: 么 | B75: 1 | C75: me | D75: 5 | E75: M | F75: E | G75: =IFERROR(IF(INDEX('HMM Actors'!$B:$B,MATCH(E75,'HMM Actors'!$A:$A,0))="","(not assigned)",INDEX('HMM Actors'!$B:$B,MATCH(E75,'HMM Actors'!$A:$A,0))),"(not assigned)") | H75: =IFERROR(IF(INDEX('HMM Locations'!$B:$B,MATCH(F75,'HMM Locations'!$A:$A,0))="","(not assigned)",INDEX('HMM Locations'!$B:$B,MATCH(F75,'HMM Locations'!$A:$A,0))),"(not assigned)") | I75: =IFERROR(IF(INDEX('HMM Locations'!$C:$G,MATCH(F75,'HMM Locations'!$A:$A,0),D75)="","(not assigned)",INDEX('HMM Locations'!$C:$G,MATCH(F75,'HMM Locations'!$A:$A,0),D75)),"(not assigned)") | J75: =IF(COUNTIF(G75:I75,"(not assigned)")=0,"Ready","Needs grid entry") | L75: 什么、怎么、怎么样、为什么
A76: 没 | B76: 1 | C76: méi | D76: 2 | E76: M | F76: EI | G76: =IFERROR(IF(INDEX('HMM Actors'!$B:$B,MATCH(E76,'HMM Actors'!$A:$A,0))="","(not assigned)",INDEX('HMM Actors'!$B:$B,MATCH(E76,'HMM Actors'!$A:$A,0))),"(not assigned)") | H76: =IFERROR(IF(INDEX('HMM Locations'!$B:$B,MATCH(F76,'HMM Locations'!$A:$A,0))="","(not assigned)",INDEX('HMM Locations'!$B:$B,MATCH(F76,'HMM Locations'!$A:$A,0))),"(not assigned)") | I76: =IFERROR(IF(INDEX('HMM Locations'!$C:$G,MATCH(F76,'HMM Locations'!$A:$A,0),D76)="","(not assigned)",INDEX('HMM Locations'!$C:$G,MATCH(F76,'HMM Locations'!$A:$A,0),D76)),"(not assigned)") | J76: =IF(COUNTIF(G76:I76,"(not assigned)")=0,"Ready","Needs grid entry") | L76: 没关系、没有
A77: 们 | B77: 1 | C77: men | D77: 5 | E77: M | F77: (E)N | G77: =IFERROR(IF(INDEX('HMM Actors'!$B:$B,MATCH(E77,'HMM Actors'!$A:$A,0))="","(not assigned)",INDEX('HMM Actors'!$B:$B,MATCH(E77,'HMM Actors'!$A:$A,0))),"(not assigned)") | H77: =IFERROR(IF(INDEX('HMM Locations'!$B:$B,MATCH(F77,'HMM Locations'!$A:$A,0))="","(not assigned)",INDEX('HMM Locations'!$B:$B,MATCH(F77,'HMM Locations'!$A:$A,0))),"(not assigned)") | I77: =IFERROR(IF(INDEX('HMM Locations'!$C:$G,MATCH(F77,'HMM Locations'!$A:$A,0),D77)="","(not assigned)",INDEX('HMM Locations'!$C:$G,MATCH(F77,'HMM Locations'!$A:$A,0),D77)),"(not assigned)") | J77: =IF(COUNTIF(G77:I77,"(not assigned)")=0,"Ready","Needs grid entry") | L77: 我们
A78: 米 | B78: 1 | C78: mǐ | D78: 3 | E78: M | F78: I | G78: =IFERROR(IF(INDEX('HMM Actors'!$B:$B,MATCH(E78,'HMM Actors'!$A:$A,0))="","(not assigned)",INDEX('HMM Actors'!$B:$B,MATCH(E78,'HMM Actors'!$A:$A,0))),"(not assigned)") | H78: =IFERROR(IF(INDEX('HMM Locations'!$B:$B,MATCH(F78,'HMM Locations'!$A:$A,0))="","(not assigned)",INDEX('HMM Locations'!$B:$B,MATCH(F78,'HMM Locations'!$A:$A,0))),"(not assigned)") | I78: =IFERROR(IF(INDEX('HMM Locations'!$C:$G,MATCH(F78,'HMM Locations'!$A:$A,0),D78)="","(not assigned)",INDEX('HMM Locations'!$C:$G,MATCH(F78,'HMM Locations'!$A:$A,0),D78)),"(not assigned)") | J78: =IF(COUNTIF(G78:I78,"(not assigned)")=0,"Ready","Needs grid entry") | L78: 米饭、米
... A149: 样 | B149: 1 | C149: yàng | D149: 4 | E149: Y | F149: ANG | G149: =IFERROR(IF(INDEX('HMM Actors'!$B:$B,MATCH(E149,'HMM Actors'!$A:$A,0))="","(not assigned)",INDEX('HMM Actors'!$B:$B,MATCH(E149,'HMM Actors'!$A:$A,0))),"(not assigned)") | H149: =IFERROR(IF(INDEX('HMM Locations'!$B:$B,MATCH(F149,'HMM Locations'!$A:$A,0))="","(not assigned)",INDEX('HMM Locations'!$B:$B,MATCH(F149,'HMM Locations'!$A:$A,0))),"(not assigned)") | I149: =IFERROR(IF(INDEX('HMM Locations'!$C:$G,MATCH(F149,'HMM Locations'!$A:$A,0),D149)="","(not assigned)",INDEX('HMM Locations'!$C:$G,MATCH(F149,'HMM Locations'!$A:$A,0),D149)),"(not assigned)") | J149: =IF(COUNTIF(G149:I149,"(not assigned)")=0,"Ready","Needs grid entry") | L149: 怎么样、一样
A150: 一 | B150: 1 | C150: yī | D150: 1 | E150: Y | F150: I | G150: =IFERROR(IF(INDEX('HMM Actors'!$B:$B,MATCH(E150,'HMM Actors'!$A:$A,0))="","(not assigned)",INDEX('HMM Actors'!$B:$B,MATCH(E150,'HMM Actors'!$A:$A,0))),"(not assigned)") | H150: =IFERROR(IF(INDEX('HMM Locations'!$B:$B,MATCH(F150,'HMM Locations'!$A:$A,0))="","(not assigned)",INDEX('HMM Locations'!$B:$B,MATCH(F150,'HMM Locations'!$A:$A,0))),"(not assigned)") | I150: =IFERROR(IF(INDEX('HMM Locations'!$C:$G,MATCH(F150,'HMM Locations'!$A:$A,0),D150)="","(not assigned)",INDEX('HMM Locations'!$C:$G,MATCH(F150,'HMM Locations'!$A:$A,0),D150)),"(not assigned)") | J150: =IF(COUNTIF(G150:I150,"(not assigned)")=0,"Ready","Needs grid entry") | K150: yì, yí | L150: 一、一点儿、第一、一下
A151: 衣 | B151: 1 | C151: yī | D151: 1 | E151: Y | F151: I | G151: =IFERROR(IF(INDEX('HMM Actors'!$B:$B,MATCH(E151,'HMM Actors'!$A:$A,0))="","(not assigned)",INDEX('HMM Actors'!$B:$B,MATCH(E151,'HMM Actors'!$A:$A,0))),"(not assigned)") | H151: =IFERROR(IF(INDEX('HMM Locations'!$B:$B,MATCH(F151,'HMM Locations'!$A:$A,0))="","(not assigned)",INDEX('HMM Locations'!$B:$B,MATCH(F151,'HMM Locations'!$A:$A,0))),"(not assigned)") | I151: =IFERROR(IF(INDEX('HMM Locations'!$C:$G,MATCH(F151,'HMM Locations'!$A:$A,0),D151)="","(not assigned)",INDEX('HMM Locations'!$C:$G,MATCH(F151,'HMM Locations'!$A:$A,0),D151)),"(not assigned)") | J151: =IF(COUNTIF(G151:I151,"(not assigned)")=0,"Ready","Needs grid entry") | L151: 衣服
A152: 医 | B152: 1 | C152: yī | D152: 1 | E152: Y | F152: I | G152: =IFERROR(IF(INDEX('HMM Actors'!$B:$B,MATCH(E152,'HMM Actors'!$A:$A,0))="","(not assigned)",INDEX('HMM Actors'!$B:$B,MATCH(E152,'HMM Actors'!$A:$A,0))),"(not assigned)") | H152: =IFERROR(IF(INDEX('HMM Locations'!$B:$B,MATCH(F152,'HMM Locations'!$A:$A,0))="","(not assigned)",INDEX('HMM Locations'!$B:$B,MATCH(F152,'HMM Locations'!$A:$A,0))),"(not assigned)") | I152: =IFERROR(IF(INDEX('HMM Locations'!$C:$G,MATCH(F152,'HMM Locations'!$A:$A,0),D152)="","(not assigned)",INDEX('HMM Locations'!$C:$G,MATCH(F152,'HMM Locations'!$A:$A,0),D152)),"(not assigned)") | J152: =IF(COUNTIF(G152:I152,"(not assigned)")=0,"Ready","Needs grid entry") | L152: 医生、医院
A153: 椅 | B153: 1 | C153: yǐ | D153: 3 | E153: Y | F153: I | G153: =IFERROR(IF(INDEX('HMM Actors'!$B:$B,MATCH(E153,'HMM Actors'!$A:$A,0))="","(not assigned)",INDEX('HMM Actors'!$B:$B,MATCH(E153,'HMM Actors'!$A:$A,0))),"(not assigned)") | H153: =IFERROR(IF(INDEX('HMM Locations'!$B:$B,MATCH(F153,'HMM Locations'!$A:$A,0))="","(not assigned)",INDEX('HMM Locations'!$B:$B,MATCH(F153,'HMM Locations'!$A:$A,0))),"(not assigned)") | I153: =IFERROR(IF(INDEX('HMM Locations'!$C:$G,MATCH(F153,'HMM Locations'!$A:$A,0),D153)="","(not assigned)",INDEX('HMM Locations'!$C:$G,MATCH(F153,'HMM Locations'!$A:$A,0),D153)),"(not assigned)") | J153: =IF(COUNTIF(G153:I153,"(not assigned)")=0,"Ready","Needs grid entry") | L153: 椅子
A154: 影 | B154: 1 | C154: yǐng | D154: 3 | E154: Y | F154: ING | G154: =IFERROR(IF(INDEX('HMM Actors'!$B:$B,MATCH(E154,'HMM Actors'!$A:$A,0))="","(not assigned)",INDEX('HMM Actors'!$B:$B,MATCH(E154,'HMM Actors'!$A:$A,0))),"(not assigned)") | H154: =IFERROR(IF(INDEX('HMM Locations'!$B:$B,MATCH(F154,'HMM Locations'!$A:$A,0))="","(not assigned)",INDEX('HMM Locations'!$B:$B,MATCH(F154,'HMM Locations'!$A:$A,0))),"(not assigned)") | I154: =IFERROR(IF(INDEX('HMM Locations'!$C:$G,MATCH(F154,'HMM Locations'!$A:$A,0),D154)="","(not assigned)",INDEX('HMM Locations'!$C:$G,MATCH(F154,'HMM Locations'!$A:$A,0),D154)),"(not assigned)") | J154: =IF(COUNTIF(G154:I154,"(not assigned)")=0,"Ready","Needs grid entry") | L154: 电影、影响
A155: 友 | B155: 1 | C155: yǒu | D155: 3 | E155: Y | F155: OU | G155: =IFERROR(IF(INDEX('HMM Actors'!$B:$B,MATCH(E155,'HMM Actors'!$A:$A,0))="","(not assigned)",INDEX('HMM Actors'!$B:$B,MATCH(E155,'HMM Actors'!$A:$A,0))),"(not assigned)") | H155: =IFERROR(IF(INDEX('HMM Locations'!$B:$B,MATCH(F155,'HMM Locations'!$A:$A,0))="","(not assigned)",INDEX('HMM Locations'!$B:$B,MATCH(F155,'HMM Locations'!$A:$A,0))),"(not assigned)") | I155: =IFERROR(IF(INDEX('HMM Locations'!$C:$G,MATCH(F155,'HMM Locations'!$A:$A,0),D155)="","(not assigned)",INDEX('HMM Locations'!$C:$G,MATCH(F155,'HMM Locations'!$A:$A,0),D155)),"(not assigned)") | J155: =IF(COUNTIF(G155:I155,"(not assigned)")=0,"Ready","Needs grid entry") | L155: 朋友
A156: 有 | B156: 1 | C156: yǒu | D156: 3 | E156: Y | F156: OU | G156: =IFERROR(IF(INDEX('HMM Actors'!$B:$B,MATCH(E156,'HMM Actors'!$A:$A,0))="","(not assigned)",INDEX('HMM Actors'!$B:$B,MATCH(E156,'HMM Actors'!$A:$A,0))),"(not assigned)") | H156: =IFERROR(IF(INDEX('HMM Locations'!$B:$B,MATCH(F156,'HMM Locations'!$A:$A,0))="","(not assigned)",INDEX('HMM Locations'!$B:$B,MATCH(F156,'HMM Locations'!$A:$A,0))),"(not assigned)") | I156: =IFERROR(IF(INDEX('HMM Locations'!$C:$G,MATCH(F156,'HMM Locations'!$A:$A,0),D156)="","(not assigned)",INDEX('HMM Locations'!$C:$G,MATCH(F156,'HMM Locations'!$A:$A,0),D156)),"(not assigned)") | J156: =IF(COUNTIF(G156:I156,"(not assigned)")=0,"Ready","Needs grid entry") | L156: 没有、有、有名、只有…才…
A157: 雨 | B157: 1 | C157: yǔ | D157: 3 | E157: Y | F157: U | G157: =IFERROR(IF(INDEX('HMM Actors'!$B:$B,MATCH(E157,'HMM Actors'!$A:$A,0))="","(not assigned)",INDEX('HMM Actors'!$B:$B,MATCH(E157,'HMM Actors'!$A:$A,0))),"(not assigned)") | H157: =IFERROR(IF(INDEX('HMM Locations'!$B:$B,MATCH(F157,'HMM Locations'!$A:$A,0))="","(not assigned)",INDEX('HMM Locations'!$B:$B,MATCH(F157,'HMM Locations'!$A:$A,0))),"(not assigned)") | I157: =IFERROR(IF(INDEX('HMM Locations'!$C:$G,MATCH(F157,'HMM Locations'!$A:$A,0),D157)="","(not assigned)",INDEX('HMM Locations'!$C:$G,MATCH(F157,'HMM Locations'!$A:$A,0),D157)),"(not assigned)") | J157: =IF(COUNTIF(G157:I157,"(not assigned)")=0,"Ready","Needs grid entry") | L157: 下雨
A158: 语 | B158: 1 | C158: yǔ | D158: 3 | E158: Y | F158: U | G158: =IFERROR(IF(INDEX('HMM Actors'!$B:$B,MATCH(E158,'HMM Actors'!$A:$A,0))="","(not assigned)",INDEX('HMM Actors'!$B:$B,MATCH(E158,'HMM Actors'!$A:$A,0))),"(not assigned)") | H158: =IFERROR(IF(INDEX('HMM Locations'!$B:$B,MATCH(F158,'HMM Locations'!$A:$A,0))="","(not assigned)",INDEX('HMM Locations'!$B:$B,MATCH(F158,'HMM Locations'!$A:$A,0))),"(not assigned)") | I158: =IFERROR(IF(INDEX('HMM Locations'!$C:$G,MATCH(F158,'HMM Locations'!$A:$A,0),D158)="","(not assigned)",INDEX('HMM Locations'!$C:$G,MATCH(F158,'HMM Locations'!$A:$A,0),D158)),"(not assigned)") | J158: =IF(COUNTIF(G158:I158,"(not assigned)")=0,"Ready","Needs grid entry") | L158: 汉语
A159: 院 | B159: 1 | C159: yuàn | D159: 4 | E159: Y | F159: UAN (14th, Jacob-specific) | G159: =IFERROR(IF(INDEX('HMM Actors'!$B:$B,MATCH(E159,'HMM Actors'!$A:$A,0))="","(not assigned)",INDEX('HMM Actors'!$B:$B,MATCH(E159,'HMM Actors'!$A:$A,0))),"(not assigned)") | H159: =IFERROR(IF(INDEX('HMM Locations'!$B:$B,MATCH(F159,'HMM Locations'!$A:$A,0))="","(not assigned)",INDEX('HMM Locations'!$B:$B,MATCH(F159,'HMM Locations'!$A:$A,0))),"(not assigned)") | I159: =IFERROR(IF(INDEX('HMM Locations'!$C:$G,MATCH(F159,'HMM Locations'!$A:$A,0),D159)="","(not assigned)",INDEX('HMM Locations'!$C:$G,MATCH(F159,'HMM Locations'!$A:$A,0),D159)),"(not assigned)") | J159: =IF(COUNTIF(G159:I159,"(not assigned)")=0,"Ready","Needs grid entry") | L159: 医院
A160: 月 | B160: 1 | C160: yuè | D160: 4 | E160: Y | F160: UE | G160: =IFERROR(IF(INDEX('HMM Actors'!$B:$B,MATCH(E160,'HMM Actors'!$A:$A,0))="","(not assigned)",INDEX('HMM Actors'!$B:$B,MATCH(E160,'HMM Actors'!$A:$A,0))),"(not assigned)") | H160: =IFERROR(IF(INDEX('HMM Locations'!$B:$B,MATCH(F160,'HMM Locations'!$A:$A,0))="","(not assigned)",INDEX('HMM Locations'!$B:$B,MATCH(F160,'HMM Locations'!$A:$A,0))),"(not assigned)") | I160: =IFERROR(IF(INDEX('HMM Locations'!$C:$G,MATCH(F160,'HMM Locations'!$A:$A,0),D160)="","(not assigned)",INDEX('HMM Locations'!$C:$G,MATCH(F160,'HMM Locations'!$A:$A,0),D160)),"(not assigned)") | J160: =IF(COUNTIF(G160:I160,"(not assigned)")=0,"Ready","Needs grid entry") | L160: 月、月亮
A161: 再 | B161: 1 | C161: zài | D161: 4 | E161: Z | F161: AI | G161: =IFERROR(IF(INDEX('HMM Actors'!$B:$B,MATCH(E161,'HMM Actors'!$A:$A,0))="","(not assigned)",INDEX('HMM Actors'!$B:$B,MATCH(E161,'HMM Actors'!$A:$A,0))),"(not assigned)") | H161: =IFERROR(IF(INDEX('HMM Locations'!$B:$B,MATCH(F161,'HMM Locations'!$A:$A,0))="","(not assigned)",INDEX('HMM Locations'!$B:$B,MATCH(F161,'HMM Locations'!$A:$A,0))),"(not assigned)") | I161: =IFERROR(IF(INDEX('HMM Locations'!$C:$G,MATCH(F161,'HMM Locations'!$A:$A,0),D161)="","(not assigned)",INDEX('HMM Locations'!$C:$G,MATCH(F161,'HMM Locations'!$A:$A,0),D161)),"(not assigned)") | J161: =IF(COUNTIF(G161:I161,"(not assigned)")=0,"Ready","Needs grid entry") | L161: 再见、再
A162: 在 | B162: 1 | C162: zài | D162: 4 | E162: Z | F162: AI | G162: =IFERROR(IF(INDEX('HMM Actors'!$B:$B,MATCH(E162,'HMM Actors'!$A:$A,0))="","(not assigned)",INDEX('HMM Actors'!$B:$B,MATCH(E162,'HMM Actors'!$A:$A,0))),"(not assigned)") | H162: =IFERROR(IF(INDEX('HMM Locations'!$B:$B,MATCH(F162,'HMM Locations'!$A:$A,0))="","(not assigned)",INDEX('HMM Locations'!$B:$B,MATCH(F162,'HMM Locations'!$A:$A,0))),"(not assigned)") | I162: =IFERROR(IF(INDEX('HMM Locations'!$C:$G,MATCH(F162,'HMM Locations'!$A:$A,0),D162)="","(not assigned)",INDEX('HMM Locations'!$C:$G,MATCH(F162,'HMM Locations'!$A:$A,0),D162)),"(not assigned)") | J162: =IF(COUNTIF(G162:I162,"(not assigned)")=0,"Ready","Needs grid entry") | L162: 现在、在、正在
... A185: 边 | B185: 2 | C185: biān | D185: 1 | E185: B | F185: IAN | G185: =IFERROR(IF(INDEX('HMM Actors'!$B:$B,MATCH(E185,'HMM Actors'!$A:$A,0))="","(not assigned)",INDEX('HMM Actors'!$B:$B,MATCH(E185,'HMM Actors'!$A:$A,0))),"(not assigned)") | H185: =IFERROR(IF(INDEX('HMM Locations'!$B:$B,MATCH(F185,'HMM Locations'!$A:$A,0))="","(not assigned)",INDEX('HMM Locations'!$B:$B,MATCH(F185,'HMM Locations'!$A:$A,0))),"(not assigned)") | I185: =IFERROR(IF(INDEX('HMM Locations'!$C:$G,MATCH(F185,'HMM Locations'!$A:$A,0),D185)="","(not assigned)",INDEX('HMM Locations'!$C:$G,MATCH(F185,'HMM Locations'!$A:$A,0),D185)),"(not assigned)") | J185: =IF(COUNTIF(G185:I185,"(not assigned)")=0,"Ready","Needs grid entry") | L185: 旁边、右边、左边、一边
A186: 便 | B186: 2 | C186: pián | D186: 2 | E186: P | F186: IAN | G186: =IFERROR(IF(INDEX('HMM Actors'!$B:$B,MATCH(E186,'HMM Actors'!$A:$A,0))="","(not assigned)",INDEX('HMM Actors'!$B:$B,MATCH(E186,'HMM Actors'!$A:$A,0))),"(not assigned)") | H186: =IFERROR(IF(INDEX('HMM Locations'!$B:$B,MATCH(F186,'HMM Locations'!$A:$A,0))="","(not assigned)",INDEX('HMM Locations'!$B:$B,MATCH(F186,'HMM Locations'!$A:$A,0))),"(not assigned)") | I186: =IFERROR(IF(INDEX('HMM Locations'!$C:$G,MATCH(F186,'HMM Locations'!$A:$A,0),D186)="","(not assigned)",INDEX('HMM Locations'!$C:$G,MATCH(F186,'HMM Locations'!$A:$A,0),D186)),"(not assigned)") | J186: =IF(COUNTIF(G186:I186,"(not assigned)")=0,"Ready","Needs grid entry") | K186: biàn | L186: 便宜、方便
A187: 表 | B187: 2 | C187: biǎo | D187: 3 | E187: B | F187: IAO | G187: =IFERROR(IF(INDEX('HMM Actors'!$B:$B,MATCH(E187,'HMM Actors'!$A:$A,0))="","(not assigned)",INDEX('HMM Actors'!$B:$B,MATCH(E187,'HMM Actors'!$A:$A,0))),"(not assigned)") | H187: =IFERROR(IF(INDEX('HMM Locations'!$B:$B,MATCH(F187,'HMM Locations'!$A:$A,0))="","(not assigned)",INDEX('HMM Locations'!$B:$B,MATCH(F187,'HMM Locations'!$A:$A,0))),"(not assigned)") | I187: =IFERROR(IF(INDEX('HMM Locations'!$C:$G,MATCH(F187,'HMM Locations'!$A:$A,0),D187)="","(not assigned)",INDEX('HMM Locations'!$C:$G,MATCH(F187,'HMM Locations'!$A:$A,0),D187)),"(not assigned)") | J187: =IF(COUNTIF(G187:I187,"(not assigned)")=0,"Ready","Needs grid entry") | L187: 手表
A188: 别 | B188: 2 | C188: bié | D188: 2 | E188: B | F188: IE | G188: =IFERROR(IF(INDEX('HMM Actors'!$B:$B,MATCH(E188,'HMM Actors'!$A:$A,0))="","(not assigned)",INDEX('HMM Actors'!$B:$B,MATCH(E188,'HMM Actors'!$A:$A,0))),"(not assigned)") | H188: =IFERROR(IF(INDEX('HMM Locations'!$B:$B,MATCH(F188,'HMM Locations'!$A:$A,0))="","(not assigned)",INDEX('HMM Locations'!$B:$B,MATCH(F188,'HMM Locations'!$A:$A,0))),"(not assigned)") | I188: =IFERROR(IF(INDEX('HMM Locations'!$C:$G,MATCH(F188,'HMM Locations'!$A:$A,0),D188)="","(not assigned)",INDEX('HMM Locations'!$C:$G,MATCH(F188,'HMM Locations'!$A:$A,0),D188)),"(not assigned)") | J188: =IF(COUNTIF(G188:I188,"(not assigned)")=0,"Ready","Needs grid entry") | L188: 别、别人、特别
A189: 宾 | B189: 2 | C189: bīn | D189: 1 | E189: B | F189: IN | G189: =IFERROR(IF(INDEX('HMM Actors'!$B:$B,MATCH(E189,'HMM Actors'!$A:$A,0))="","(not assigned)",INDEX('HMM Actors'!$B:$B,MATCH(E189,'HMM Actors'!$A:$A,0))),"(not assigned)") | H189: =IFERROR(IF(INDEX('HMM Locations'!$B:$B,MATCH(F189,'HMM Locations'!$A:$A,0))="","(not assigned)",INDEX('HMM Locations'!$B:$B,MATCH(F189,'HMM Locations'!$A:$A,0))),"(not assigned)") | I189: =IFERROR(IF(INDEX('HMM Locations'!$C:$G,MATCH(F189,'HMM Locations'!$A:$A,0),D189)="","(not assigned)",INDEX('HMM Locations'!$C:$G,MATCH(F189,'HMM Locations'!$A:$A,0),D189)),"(not assigned)") | J189: =IF(COUNTIF(G189:I189,"(not assigned)")=0,"Ready","Needs grid entry") | L189: 宾馆
A190: 病 | B190: 2 | C190: bìng | D190: 4 | E190: B | F190: ING | G190: =IFERROR(IF(INDEX('HMM Actors'!$B:$B,MATCH(E190,'HMM Actors'!$A:$A,0))="","(not assigned)",INDEX('HMM Actors'!$B:$B,MATCH(E190,'HMM Actors'!$A:$A,0))),"(not assigned)") | H190: =IFERROR(IF(INDEX('HMM Locations'!$B:$B,MATCH(F190,'HMM Locations'!$A:$A,0))="","(not assigned)",INDEX('HMM Locations'!$B:$B,MATCH(F190,'HMM Locations'!$A:$A,0))),"(not assigned)") | I190: =IFERROR(IF(INDEX('HMM Locations'!$C:$G,MATCH(F190,'HMM Locations'!$A:$A,0),D190)="","(not assigned)",INDEX('HMM Locations'!$C:$G,MATCH(F190,'HMM Locations'!$A:$A,0),D190)),"(not assigned)") | J190: =IF(COUNTIF(G190:I190,"(not assigned)")=0,"Ready","Needs grid entry") | L190: 生病
A191: 步 | B191: 2 | C191: bù | D191: 4 | E191: B | F191: U | G191: =IFERROR(IF(INDEX('HMM Actors'!$B:$B,MATCH(E191,'HMM Actors'!$A:$A,0))="","(not assigned)",INDEX('HMM Actors'!$B:$B,MATCH(E191,'HMM Actors'!$A:$A,0))),"(not assigned)") | H191: =IFERROR(IF(INDEX('HMM Locations'!$B:$B,MATCH(F191,'HMM Locations'!$A:$A,0))="","(not assigned)",INDEX('HMM Locations'!$B:$B,MATCH(F191,'HMM Locations'!$A:$A,0))),"(not assigned)") | I191: =IFERROR(IF(INDEX('HMM Locations'!$C:$G,MATCH(F191,'HMM Locations'!$A:$A,0),D191)="","(not assigned)",INDEX('HMM Locations'!$C:$G,MATCH(F191,'HMM Locations'!$A:$A,0),D191)),"(not assigned)") | J191: =IF(COUNTIF(G191:I191,"(not assigned)")=0,"Ready","Needs grid entry") | L191: 跑步
A192: 常 | B192: 2 | C192: cháng | D192: 2 | E192: CH | F192: ANG | G192: =IFERROR(IF(INDEX('HMM Actors'!$B:$B,MATCH(E192,'HMM Actors'!$A:$A,0))="","(not assigned)",INDEX('HMM Actors'!$B:$B,MATCH(E192,'HMM Actors'!$A:$A,0))),"(not assigned)") | H192: =IFERROR(IF(INDEX('HMM Locations'!$B:$B,MATCH(F192,'HMM Locations'!$A:$A,0))="","(not assigned)",INDEX('HMM Locations'!$B:$B,MATCH(F192,'HMM Locations'!$A:$A,0))),"(not assigned)") | I192: =IFERROR(IF(INDEX('HMM Locations'!$C:$G,MATCH(F192,'HMM Locations'!$A:$A,0),D192)="","(not assigned)",INDEX('HMM Locations'!$C:$G,MATCH(F192,'HMM Locations'!$A:$A,0),D192)),"(not assigned)") | J192: =IF(COUNTIF(G192:I192,"(not assigned)")=0,"Ready","Needs grid entry") | L192: 非常、经常
A193: 场 | B193: 2 | C193: chǎng | D193: 3 | E193: CH | F193: ANG | G193: =IFERROR(IF(INDEX('HMM Actors'!$B:$B,MATCH(E193,'HMM Actors'!$A:$A,0))="","(not assigned)",INDEX('HMM Actors'!$B:$B,MATCH(E193,'HMM Actors'!$A:$A,0))),"(not assigned)") | H193: =IFERROR(IF(INDEX('HMM Locations'!$B:$B,MATCH(F193,'HMM Locations'!$A:$A,0))="","(not assigned)",INDEX('HMM Locations'!$B:$B,MATCH(F193,'HMM Locations'!$A:$A,0))),"(not assigned)") | I193: =IFERROR(IF(INDEX('HMM Locations'!$C:$G,MATCH(F193,'HMM Locations'!$A:$A,0),D193)="","(not assigned)",INDEX('HMM Locations'!$C:$G,MATCH(F193,'HMM Locations'!$A:$A,0),D193)),"(not assigned)") | J193: =IF(COUNTIF(G193:I193,"(not assigned)")=0,"Ready","Needs grid entry") | L193: 机场
A194: 唱 | B194: 2 | C194: chàng | D194: 4 | E194: CH | F194: ANG | G194: =IFERROR(IF(INDEX('HMM Actors'!$B:$B,MATCH(E194,'HMM Actors'!$A:$A,0))="","(not assigned)",INDEX('HMM Actors'!$B:$B,MATCH(E194,'HMM Actors'!$A:$A,0))),"(not assigned)") | H194: =IFERROR(IF(INDEX('HMM Locations'!$B:$B,MATCH(F194,'HMM Locations'!$A:$A,0))="","(not assigned)",INDEX('HMM Locations'!$B:$B,MATCH(F194,'HMM Locations'!$A:$A,0))),"(not assigned)") | I194: =IFERROR(IF(INDEX('HMM Locations'!$C:$G,MATCH(F194,'HMM Locations'!$A:$A,0),D194)="","(not assigned)",INDEX('HMM Locations'!$C:$G,MATCH(F194,'HMM Locations'!$A:$A,0),D194)),"(not assigned)") | J194: =IF(COUNTIF(G194:I194,"(not assigned)")=0,"Ready","Needs grid entry") | L194: 唱歌
A195: 穿 | B195: 2 | C195: chuān | D195: 1 | E195: CH | F195: UAN (14th, Jacob-specific) | G195: =IFERROR(IF(INDEX('HMM Actors'!$B:$B,MATCH(E195,'HMM Actors'!$A:$A,0))="","(not assigned)",INDEX('HMM Actors'!$B:$B,MATCH(E195,'HMM Actors'!$A:$A,0))),"(not assigned)") | H195: =IFERROR(IF(INDEX('HMM Locations'!$B:$B,MATCH(F195,'HMM Locations'!$A:$A,0))="","(not assigned)",INDEX('HMM Locations'!$B:$B,MATCH(F195,'HMM Locations'!$A:$A,0))),"(not assigned)") | I195: =IFERROR(IF(INDEX('HMM Locations'!$C:$G,MATCH(F195,'HMM Locations'!$A:$A,0),D195)="","(not assigned)",INDEX('HMM Locations'!$C:$G,MATCH(F195,'HMM Locations'!$A:$A,0),D195)),"(not assigned)") | J195: =IF(COUNTIF(G195:I195,"(not assigned)")=0,"Ready","Needs grid entry") | L195: 穿
A196: 床 | B196: 2 | C196: chuáng | D196: 2 | E196: CH | F196: UANG | G196: =IFERROR(IF(INDEX('HMM Actors'!$B:$B,MATCH(E196,'HMM Actors'!$A:$A,0))="","(not assigned)",INDEX('HMM Actors'!$B:$B,MATCH(E196,'HMM Actors'!$A:$A,0))),"(not assigned)") | H196: =IFERROR(IF(INDEX('HMM Locations'!$B:$B,MATCH(F196,'HMM Locations'!$A:$A,0))="","(not assigned)",INDEX('HMM Locations'!$B:$B,MATCH(F196,'HMM Locations'!$A:$A,0))),"(not assigned)") | I196: =IFERROR(IF(INDEX('HMM Locations'!$C:$G,MATCH(F196,'HMM Locations'!$A:$A,0),D196)="","(not assigned)",INDEX('HMM Locations'!$C:$G,MATCH(F196,'HMM Locations'!$A:$A,0),D196)),"(not assigned)") | J196: =IF(COUNTIF(G196:I196,"(not assigned)")=0,"Ready","Needs grid entry") | L196: 起床
A197: 次 | B197: 2 | C197: cì | D197: 4 | E197: C | F197: Ø (no final) | G197: =IFERROR(IF(INDEX('HMM Actors'!$B:$B,MATCH(E197,'HMM Actors'!$A:$A,0))="","(not assigned)",INDEX('HMM Actors'!$B:$B,MATCH(E197,'HMM Actors'!$A:$A,0))),"(not assigned)") | H197: =IFERROR(IF(INDEX('HMM Locations'!$B:$B,MATCH(F197,'HMM Locations'!$A:$A,0))="","(not assigned)",INDEX('HMM Locations'!$B:$B,MATCH(F197,'HMM Locations'!$A:$A,0))),"(not assigned)") | I197: =IFERROR(IF(INDEX('HMM Locations'!$C:$G,MATCH(F197,'HMM Locations'!$A:$A,0),D197)="","(not assigned)",INDEX('HMM Locations'!$C:$G,MATCH(F197,'HMM Locations'!$A:$A,0),D197)),"(not assigned)") | J197: =IF(COUNTIF(G197:I197,"(not assigned)")=0,"Ready","Needs grid entry") | L197: 次
A198: 从 | B198: 2 | C198: cóng | D198: 2 | E198: C | F198: ONG | G198: =IFERROR(IF(INDEX('HMM Actors'!$B:$B,MATCH(E198,'HMM Actors'!$A:$A,0))="","(not assigned)",INDEX('HMM Actors'!$B:$B,MATCH(E198,'HMM Actors'!$A:$A,0))),"(not assigned)") | H198: =IFERROR(IF(INDEX('HMM Locations'!$B:$B,MATCH(F198,'HMM Locations'!$A:$A,0))="","(not assigned)",INDEX('HMM Locations'!$B:$B,MATCH(F198,'HMM Locations'!$A:$A,0))),"(not assigned)") | I198: =IFERROR(IF(INDEX('HMM Locations'!$C:$G,MATCH(F198,'HMM Locations'!$A:$A,0),D198)="","(not assigned)",INDEX('HMM Locations'!$C:$G,MATCH(F198,'HMM Locations'!$A:$A,0),D198)),"(not assigned)") | J198: =IF(COUNTIF(G198:I198,"(not assigned)")=0,"Ready","Needs grid entry") | L198: 从
... A223: 过 | B223: 2 | C223: guò | D223: 4 | E223: G | F223: UO | G223: =IFERROR(IF(INDEX('HMM Actors'!$B:$B,MATCH(E223,'HMM Actors'!$A:$A,0))="","(not assigned)",INDEX('HMM Actors'!$B:$B,MATCH(E223,'HMM Actors'!$A:$A,0))),"(not assigned)") | H223: =IFERROR(IF(INDEX('HMM Locations'!$B:$B,MATCH(F223,'HMM Locations'!$A:$A,0))="","(not assigned)",INDEX('HMM Locations'!$B:$B,MATCH(F223,'HMM Locations'!$A:$A,0))),"(not assigned)") | I223: =IFERROR(IF(INDEX('HMM Locations'!$C:$G,MATCH(F223,'HMM Locations'!$A:$A,0),D223)="","(not assigned)",INDEX('HMM Locations'!$C:$G,MATCH(F223,'HMM Locations'!$A:$A,0),D223)),"(not assigned)") | J223: =IF(COUNTIF(G223:I223,"(not assigned)")=0,"Ready","Needs grid entry") | L223: 过、过去、经过、难过
A224: 还 | B224: 2 | C224: huán | D224: 2 | E224: H | F224: UAN (14th, Jacob-specific) | G224: =IFERROR(IF(INDEX('HMM Actors'!$B:$B,MATCH(E224,'HMM Actors'!$A:$A,0))="","(not assigned)",INDEX('HMM Actors'!$B:$B,MATCH(E224,'HMM Actors'!$A:$A,0))),"(not assigned)") | H224: =IFERROR(IF(INDEX('HMM Locations'!$B:$B,MATCH(F224,'HMM Locations'!$A:$A,0))="","(not assigned)",INDEX('HMM Locations'!$B:$B,MATCH(F224,'HMM Locations'!$A:$A,0))),"(not assigned)") | I224: =IFERROR(IF(INDEX('HMM Locations'!$C:$G,MATCH(F224,'HMM Locations'!$A:$A,0),D224)="","(not assigned)",INDEX('HMM Locations'!$C:$G,MATCH(F224,'HMM Locations'!$A:$A,0),D224)),"(not assigned)") | J224: =IF(COUNTIF(G224:I224,"(not assigned)")=0,"Ready","Needs grid entry") | K224: hái | L224: 还、还是
A225: 孩 | B225: 2 | C225: hái | D225: 2 | E225: H | F225: AI | G225: =IFERROR(IF(INDEX('HMM Actors'!$B:$B,MATCH(E225,'HMM Actors'!$A:$A,0))="","(not assigned)",INDEX('HMM Actors'!$B:$B,MATCH(E225,'HMM Actors'!$A:$A,0))),"(not assigned)") | H225: =IFERROR(IF(INDEX('HMM Locations'!$B:$B,MATCH(F225,'HMM Locations'!$A:$A,0))="","(not assigned)",INDEX('HMM Locations'!$B:$B,MATCH(F225,'HMM Locations'!$A:$A,0))),"(not assigned)") | I225: =IFERROR(IF(INDEX('HMM Locations'!$C:$G,MATCH(F225,'HMM Locations'!$A:$A,0),D225)="","(not assigned)",INDEX('HMM Locations'!$C:$G,MATCH(F225,'HMM Locations'!$A:$A,0),D225)),"(not assigned)") | J225: =IF(COUNTIF(G225:I225,"(not assigned)")=0,"Ready","Needs grid entry") | L225: 孩子
A226: 黑 | B226: 2 | C226: hēi | D226: 1 | E226: H | F226: EI | G226: =IFERROR(IF(INDEX('HMM Actors'!$B:$B,MATCH(E226,'HMM Actors'!$A:$A,0))="","(not assigned)",INDEX('HMM Actors'!$B:$B,MATCH(E226,'HMM Actors'!$A:$A,0))),"(not assigned)") | H226: =IFERROR(IF(INDEX('HMM Locations'!$B:$B,MATCH(F226,'HMM Locations'!$A:$A,0))="","(not assigned)",INDEX('HMM Locations'!$B:$B,MATCH(F226,'HMM Locations'!$A:$A,0))),"(not assigned)") | I226: =IFERROR(IF(INDEX('HMM Locations'!$C:$G,MATCH(F226,'HMM Locations'!$A:$A,0),D226)="","(not assigned)",INDEX('HMM Locations'!$C:$G,MATCH(F226,'HMM Locations'!$A:$A,0),D226)),"(not assigned)") | J226: =IF(COUNTIF(G226:I226,"(not assigned)")=0,"Ready","Needs grid entry") | L226: 黑、黑板
A227: 红 | B227: 2 | C227: hóng | D227: 2 | E227: H | F227: ONG | G227: =IFERROR(IF(INDEX('HMM Actors'!$B:$B,MATCH(E227,'HMM Actors'!$A:$A,0))="","(not assigned)",INDEX('HMM Actors'!$B:$B,MATCH(E227,'HMM Actors'!$A:$A,0))),"(not assigned)") | H227: =IFERROR(IF(INDEX('HMM Locations'!$B:$B,MATCH(F227,'HMM Locations'!$A:$A,0))="","(not assigned)",INDEX('HMM Locations'!$B:$B,MATCH(F227,'HMM Locations'!$A:$A,0))),"(not assigned)") | I227: =IFERROR(IF(INDEX('HMM Locations'!$C:$G,MATCH(F227,'HMM Locations'!$A:$A,0),D227)="","(not assigned)",INDEX('HMM Locations'!$C:$G,MATCH(F227,'HMM Locations'!$A:$A,0),D227)),"(not assigned)") | J227: =IF(COUNTIF(G227:I227,"(not assigned)")=0,"Ready","Needs grid entry") | L227: 红
A228: 火 | B228: 2 | C228: huǒ | D228: 3 | E228: H | F228: UO | G228: =IFERROR(IF(INDEX('HMM Actors'!$B:$B,MATCH(E228,'HMM Actors'!$A:$A,0))="","(not assigned)",INDEX('HMM Actors'!$B:$B,MATCH(E228,'HMM Actors'!$A:$A,0))),"(not assigned)") | H228: =IFERROR(IF(INDEX('HMM Locations'!$B:$B,MATCH(F228,'HMM Locations'!$A:$A,0))="","(not assigned)",INDEX('HMM Locations'!$B:$B,MATCH(F228,'HMM Locations'!$A:$A,0))),"(not assigned)") | I228: =IFERROR(IF(INDEX('HMM Locations'!$C:$G,MATCH(F228,'HMM Locations'!$A:$A,0),D228)="","(not assigned)",INDEX('HMM Locations'!$C:$G,MATCH(F228,'HMM Locations'!$A:$A,0),D228)),"(not assigned)") | J228: =IF(COUNTIF(G228:I228,"(not assigned)")=0,"Ready","Needs grid entry") | L228: 火车站
A229: 鸡 | B229: 2 | C229: jī | D229: 1 | E229: J | F229: I | G229: =IFERROR(IF(INDEX('HMM Actors'!$B:$B,MATCH(E229,'HMM Actors'!$A:$A,0))="","(not assigned)",INDEX('HMM Actors'!$B:$B,MATCH(E229,'HMM Actors'!$A:$A,0))),"(not assigned)") | H229: =IFERROR(IF(INDEX('HMM Locations'!$B:$B,MATCH(F229,'HMM Locations'!$A:$A,0))="","(not assigned)",INDEX('HMM Locations'!$B:$B,MATCH(F229,'HMM Locations'!$A:$A,0))),"(not assigned)") | I229: =IFERROR(IF(INDEX('HMM Locations'!$C:$G,MATCH(F229,'HMM Locations'!$A:$A,0),D229)="","(not assigned)",INDEX('HMM Locations'!$C:$G,MATCH(F229,'HMM Locations'!$A:$A,0),D229)),"(not assigned)") | J229: =IF(COUNTIF(G229:I229,"(not assigned)")=0,"Ready","Needs grid entry") | L229: 鸡蛋
A230: 间 | B230: 2 | C230: jiān | D230: 1 | E230: J | F230: IAN | G230: =IFERROR(IF(INDEX('HMM Actors'!$B:$B,MATCH(E230,'HMM Actors'!$A:$A,0))="","(not assigned)",INDEX('HMM Actors'!$B:$B,MATCH(E230,'HMM Actors'!$A:$A,0))),"(not assigned)") | H230: =IFERROR(IF(INDEX('HMM Locations'!$B:$B,MATCH(F230,'HMM Locations'!$A:$A,0))="","(not assigned)",INDEX('HMM Locations'!$B:$B,MATCH(F230,'HMM Locations'!$A:$A,0))),"(not assigned)") | I230: =IFERROR(IF(INDEX('HMM Locations'!$C:$G,MATCH(F230,'HMM Locations'!$A:$A,0),D230)="","(not assigned)",INDEX('HMM Locations'!$C:$G,MATCH(F230,'HMM Locations'!$A:$A,0),D230)),"(not assigned)") | J230: =IF(COUNTIF(G230:I230,"(not assigned)")=0,"Ready","Needs grid entry") | L230: 房间、时间、洗手间、中间
A231: 件 | B231: 2 | C231: jiàn | D231: 4 | E231: J | F231: IAN | G231: =IFERROR(IF(INDEX('HMM Actors'!$B:$B,MATCH(E231,'HMM Actors'!$A:$A,0))="","(not assigned)",INDEX('HMM Actors'!$B:$B,MATCH(E231,'HMM Actors'!$A:$A,0))),"(not assigned)") | H231: =IFERROR(IF(INDEX('HMM Locations'!$B:$B,MATCH(F231,'HMM Locations'!$A:$A,0))="","(not assigned)",INDEX('HMM Locations'!$B:$B,MATCH(F231,'HMM Locations'!$A:$A,0))),"(not assigned)") | I231: =IFERROR(IF(INDEX('HMM Locations'!$C:$G,MATCH(F231,'HMM Locations'!$A:$A,0),D231)="","(not assigned)",INDEX('HMM Locations'!$C:$G,MATCH(F231,'HMM Locations'!$A:$A,0),D231)),"(not assigned)") | J231: =IF(COUNTIF(G231:I231,"(not assigned)")=0,"Ready","Needs grid entry") | L231: 件、电子邮件
A232: 教 | B232: 2 | C232: jiào | D232: 4 | E232: J | F232: IAO | G232: =IFERROR(IF(INDEX('HMM Actors'!$B:$B,MATCH(E232,'HMM Actors'!$A:$A,0))="","(not assigned)",INDEX('HMM Actors'!$B:$B,MATCH(E232,'HMM Actors'!$A:$A,0))),"(not assigned)") | H232: =IFERROR(IF(INDEX('HMM Locations'!$B:$B,MATCH(F232,'HMM Locations'!$A:$A,0))="","(not assigned)",INDEX('HMM Locations'!$B:$B,MATCH(F232,'HMM Locations'!$A:$A,0))),"(not assigned)") | I232: =IFERROR(IF(INDEX('HMM Locations'!$C:$G,MATCH(F232,'HMM Locations'!$A:$A,0),D232)="","(not assigned)",INDEX('HMM Locations'!$C:$G,MATCH(F232,'HMM Locations'!$A:$A,0),D232)),"(not assigned)") | J232: =IF(COUNTIF(G232:I232,"(not assigned)")=0,"Ready","Needs grid entry") | L232: 教室、教
A233: 介 | B233: 2 | C233: jiè | D233: 4 | E233: J | F233: IE | G233: =IFERROR(IF(INDEX('HMM Actors'!$B:$B,MATCH(E233,'HMM Actors'!$A:$A,0))="","(not assigned)",INDEX('HMM Actors'!$B:$B,MATCH(E233,'HMM Actors'!$A:$A,0))),"(not assigned)") | H233: =IFERROR(IF(INDEX('HMM Locations'!$B:$B,MATCH(F233,'HMM Locations'!$A:$A,0))="","(not assigned)",INDEX('HMM Locations'!$B:$B,MATCH(F233,'HMM Locations'!$A:$A,0))),"(not assigned)") | I233: =IFERROR(IF(INDEX('HMM Locations'!$C:$G,MATCH(F233,'HMM Locations'!$A:$A,0),D233)="","(not assigned)",INDEX('HMM Locations'!$C:$G,MATCH(F233,'HMM Locations'!$A:$A,0),D233)),"(not assigned)") | J233: =IF(COUNTIF(G233:I233,"(not assigned)")=0,"Ready","Needs grid entry") | L233: 介绍
...

Sheet HMM Actors
A1: Initial | B1: Actor | C1: Notes
A2: M | B2: Madonna
A3: K | B3: Kevin (Home Alone)
A4: G | B4: George Clooney
A5: B | B5: Brenda Felix
A6: X | B6: Cher
A7: XI | B7: Jennifer Coolidge | C7: Not used by this cross-reference: xi- syllables go to X (Cher). Remove or repurpose.
A8: W | B8: Willy Wonka
A9: Y | B9: Weird Al
A10: N | B10: Nhi Le
A11: D | B11: Denzil Hurt
A12: L | B12: Laura
A13: ZH | B13: Judge Judy
A14: SH | B14: Shannon
A15: P | B15: Prince
A16: F | B16: Fran Drescher
A17: T | B17: Taylor Swift
A18: H | B18: Hugh Jackman
A19: J | B19: Julia Roberts
... A25: S | B25: Sandra Bullock
A26: Ø | C26: Actor for syllables with no initial (ài, ān, ér, ō …). Fill in.

Sheet HMM Locations
A1: Final | B1: Set (Location) | C1: Tone 1 area | D1: Tone 2 area | E1: Tone 3 area | F1: Tone 4 area | G1: Neutral tone area | I1: Yellow cells are empty grid slots. Fill them in and the Unique Hanzi sheet updates automatically.
A2: Ø (no final) | B2: Karlštejn Castle | C2: Gatehouse | D2: Great Tower | E2: Chapel of the Holy Cross | F2: Dungeon
A3: A | B3: Praha | C3: Charles Bridge | D3: Castle courtyard | E3: Wenceslas Square | F3: Vltava riverbank
A4: O | B4: Costco | C4: Food court | D4: Warehouse aisles | E4: Checkout line | F4: Parking lot
A5: E | B5: Jacob's parents' place | C5: Living room | D5: Kitchen | E5: Garage | F5: Backyard
A6: AI | B6: Sky3 | C6: Rooftop kitchen — kāi 开 | D6: Gym / fitness room | E6: Lobby — mǎi 买 | F6: Elevator bank
A7: EI | B7: Safeway | C7: Produce section | D7: Deli counter | E7: Checkout | F7: Wine checkout lane
A8: AO | B8: Nashville townhouse | C8: Front porch | D8: Kitchen | E8: Upstairs bedroom | F8: Living room — yào 要
A9: OU | B9: Hluboká Castle | C9: Courtyard | D9: Library | E9: Tower | F9: Moat/garden
A10: AN | B10: Anděl | C10: Metro station | D10: Shopping mall | E10: Street corner | F10: Tram stop
A11: ANG | B11: Jacob's current apartment | C11: Office — bāng 帮 | D11: Kitchen — máng 忙 | E11: Bathroom — xiǎng 想 | F11: Bedroom — wàng 忘
A12: (E)N | B12: Aberdeen | C12: Harbor | D12: High street | E12: Train station | F12: University
A13: (E)NG | B13: Old Town Square | C13: Trdelník stand | D13: Astronomical Clock — néng 能 | E13: Jan Hus statue — děng 等 | F13: Týn chapel
... A15: UAN (14th, Jacob-specific) | B15: Nike campus – Boston building | C15: The Half Pipe (biggest meeting room) | D15: Jacob's desk | E15: The front lobby | F15: The toe rail ("toe nail")
A16: I
A17: U
A18: IAN
A19: ING
A20: IAO
A21: UO
A22: IE
A23: IN
A24: IU
A25: UI
A26: IANG
A27: UA
... A35: IONG
